year,state,district,county_name,county_fips,dem_candidate,rep_candidate,lib_candidate,precincts,dem_votes,rep_votes,lib_votes,total_votes,dem_share,rep_share,lib_share,two_party_dem_share,rep_margin,rep_margin_share,winner_party,county_registered_voters,county_voters_voting,county_turnout_pct_reported,county_turnout_rate,county_election_day_votes,county_absentee_votes,county_absentee_share_reported,county_absentee_share,county_source,districts_in_county,county_split_in_year,county_2024_total_population,county_2024_median_age,county_2024_white_alone,county_2024_black_alone,county_2024_american_indian_alaska_native,county_2024_asian_alone,county_2024_native_hawaiian_pacific_islander,county_2024_other_race_alone,county_2024_two_or_more_races,county_2024_hispanic_or_latino,county_2024_white_share,county_2024_black_share,county_2024_asian_share,county_2024_hispanic_share,county_2024_population_25_plus,county_2024_high_school_or_higher,county_2024_high_school_or_higher_share,county_2024_bachelors_or_higher,county_2024_bachelors_or_higher_share,county_2024_median_household_income,county_2024_labor_force,county_2024_unemployed,county_2024_unemployment_rate,county_2024_poverty_universe,county_2024_poverty_count,county_2024_poverty_rate,county_2024_occupied_housing_units,county_2024_owner_occupied_housing_units,county_2024_owner_occupied_share,county_2024_source
2016,Indiana,9,Brown,18013,Shelli Yoder,Trey Hollingsworth,Russell Brooksbank,12,3036,4451,448,7935,0.382609,0.560933,0.056459,0.405503,1415,0.188994,Republican,12955,8229,0.64,0.635199,5192,3037,0.37,0.369061,https://www.in.gov/sos/elections/voter-information/files/2016_General_Election_Turnout.pdf,9,no,,,,,,,,,,,,,,,,,,,,,,,,,,,,,,
2016,Indiana,9,Clark,18019,Shelli Yoder,Trey Hollingsworth,Russell Brooksbank,72,21599,25802,2963,50364,0.428858,0.51231,0.058832,0.455665,4203,0.088669,Republican,94446,52204,0.55,0.552739,42620,9584,0.18,0.183587,https://www.in.gov/sos/elections/voter-information/files/2016_General_Election_Turnout.pdf,9,no,,,,,,,,,,,,,,,,,,,,,,,,,,,,,,
2016,Indiana,9,Crawford,18025,Shelli Yoder,Trey Hollingsworth,Russell Brooksbank,13,1623,1948,239,3810,0.425984,0.511286,0.06273,0.454495,325,0.091011,Republican,9286,4766,0.51,0.513246,3893,873,0.18,0.183172,https://www.in.gov/sos/elections/voter-information/files/2016_General_Election_Turnout.pdf,8;9,yes,,,,,,,,,,,,,,,,,,,,,,,,,,,,,,
2016,Indiana,9,Floyd,18043,Shelli Yoder,Trey Hollingsworth,Russell Brooksbank,60,15997,19406,1736,37139,0.430733,0.522523,0.046743,0.451854,3409,0.096291,Republican,61175,38266,0.63,0.625517,17616,20650,0.54,0.539644,https://www.in.gov/sos/elections/voter-information/files/2016_General_Election_Turnout.pdf,9,no,,,,,,,,,,,,,,,,,,,,,,,,,,,,,,
2016,Indiana,9,Harrison,18061,Shelli Yoder,Trey Hollingsworth,Russell Brooksbank,39,6706,10809,895,18410,0.364259,0.587127,0.048615,0.382872,4103,0.234256,Republican,28754,18958,0.66,0.659317,14718,4240,0.22,0.223652,https://www.in.gov/sos/elections/voter-information/files/2016_General_Election_Turnout.pdf,9,no,,,,,,,,,,,,,,,,,,,,,,,,,,,,,,
2016,Indiana,9,Jackson,18071,Shelli Yoder,Trey Hollingsworth,Russell Brooksbank,30,5596,10804,976,17376,0.322053,0.621777,0.056169,0.34122,5208,0.317561,Republican,30531,17976,0.59,0.588779,12922,5054,0.28,0.281153,https://www.in.gov/sos/elections/voter-information/files/2016_General_Election_Turnout.pdf,9,no,,,,,,,,,,,,,,,,,,,,,,,,,,,,,,
2016,Indiana,9,Johnson,18081,Shelli Yoder,Trey Hollingsworth,Russell Brooksbank,134,20068,42207,3900,66175,0.303257,0.637809,0.058935,0.322248,22139,0.355504,Republican,107546,67754,0.63,0.63,29499,38255,0.56,0.564616,https://www.in.gov/sos/elections/voter-information/files/2016_General_Election_Turnout.pdf,9,no,,,,,,,,,,,,,,,,,,,,,,,,,,,,,,
2016,Indiana,9,Lawrence,18093,Shelli Yoder,Trey Hollingsworth,Russell Brooksbank,40,5720,11946,988,18654,0.306637,0.640399,0.052965,0.323786,6226,0.352428,Republican,33367,19541,0.59,0.585639,12375,7166,0.37,0.366716,https://www.in.gov/sos/elections/voter-information/files/2016_General_Election_Turnout.pdf,9,no,,,,,,,,,,,,,,,,,,,,,,,,,,,,,,
2016,Indiana,9,Monroe,18105,Shelli Yoder,Trey Hollingsworth,Russell Brooksbank,83,36115,19371,2732,58218,0.620341,0.332732,0.046927,0.650885,-16744,-0.30177,Democratic,112228,59847,0.53,0.533263,28894,30953,0.52,0.517202,https://www.in.gov/sos/elections/voter-information/files/2016_General_Election_Turnout.pdf,9,no,,,,,,,,,,,,,,,,,,,,,,,,,,,,,,
2016,Indiana,9,Morgan,18109,Shelli Yoder,Trey Hollingsworth,Russell Brooksbank,36,5140,14230,1253,20623,0.249236,0.690006,0.060757,0.265359,9090,0.469282,Republican,51542,31898,0.62,0.618874,15970,15928,0.5,0.499342,https://www.in.gov/sos/elections/voter-information/files/2016_General_Election_Turnout.pdf,4;9,yes,,,,,,,,,,,,,,,,,,,,,,,,,,,,,,
2016,Indiana,9,Orange,18117,Shelli Yoder,Trey Hollingsworth,Russell Brooksbank,22,3007,4733,400,8140,0.36941,0.58145,0.04914,0.388501,1726,0.222997,Republican,15736,8473,0.54,0.538447,6640,1833,0.22,0.216334,https://www.in.gov/sos/elections/voter-information/files/2016_General_Election_Turnout.pdf,9,no,,,,,,,,,,,,,,,,,,,,,,,,,,,,,,
2016,Indiana,9,Scott,18143,Shelli Yoder,Trey Hollingsworth,Russell Brooksbank,7,1778,2134,194,4106,0.433025,0.519727,0.047248,0.454499,356,0.091002,Republican,19757,9268,0.47,0.4691,7043,2225,0.24,0.240073,https://www.in.gov/sos/elections/voter-information/files/2016_General_Election_Turnout.pdf,6;9,yes,,,,,,,,,,,,,,,,,,,,,,,,,,,,,,
2016,Indiana,9,Washington,18175,Shelli Yoder,Trey Hollingsworth,Russell Brooksbank,20,3991,6577,657,11225,0.355546,0.585924,0.05853,0.37765,2586,0.244701,Republican,19986,11578,0.58,0.579306,9375,2203,0.19,0.190275,https://www.in.gov/sos/elections/voter-information/files/2016_General_Election_Turnout.pdf,9,no,,,,,,,,,,,,,,,,,,,,,,,,,,,,,,
2018,Indiana,9,Brown,18013,Liz Watson,Trey Hollingsworth,,12,3002,4169,0,7171,0.418631,0.581369,0.0,0.418631,1167,0.162739,Republican,11953,7340,0.61,0.614072,4506,2834,0.39,0.386104,https://www.in.gov/sos/elections/voter-information/files/2018-General-Election-Turnout-from-the-ENR-page.pdf,9,no,,,,,,,,,,,,,,,,,,,,,,,,,,,,,,
2018,Indiana,9,Clark,18019,Liz Watson,Trey Hollingsworth,,72,19208,23722,0,42930,0.447426,0.552574,0.0,0.447426,4514,0.105148,Republican,89470,49383,0.55,0.55195,40678,8705,0.18,0.176275,https://www.in.gov/sos/elections/voter-information/files/2018-General-Election-Turnout-from-the-ENR-page.pdf,9,no,,,,,,,,,,,,,,,,,,,,,,,,,,,,,,
2018,Indiana,9,Crawford,18025,Liz Watson,Trey Hollingsworth,,13,1395,1972,0,3367,0.414315,0.585685,0.0,0.414315,577,0.171369,Republican,7707,4073,0.53,0.528481,3279,794,0.19,0.194942,https://www.in.gov/sos/elections/voter-information/files/2018-General-Election-Turnout-from-the-ENR-page.pdf,8;9,yes,,,,,,,,,,,,,,,,,,,,,,,,,,,,,,
2018,Indiana,9,Floyd,18043,Liz Watson,Trey Hollingsworth,,60,14508,17311,0,31819,0.455954,0.544046,0.0,0.455954,2803,0.088092,Republican,58320,32191,0.55,0.551972,17175,15016,0.47,0.466466,https://www.in.gov/sos/elections/voter-information/files/2018-General-Election-Turnout-from-the-ENR-page.pdf,9,no,,,,,,,,,,,,,,,,,,,,,,,,,,,,,,
2018,Indiana,9,Harrison,18061,Liz Watson,Trey Hollingsworth,,40,5415,10121,0,15536,0.348545,0.651455,0.0,0.348545,4706,0.302909,Republican,28336,15825,0.56,0.558477,12176,3649,0.23,0.230585,https://www.in.gov/sos/elections/voter-information/files/2018-General-Election-Turnout-from-the-ENR-page.pdf,9,no,,,,,,,,,,,,,,,,,,,,,,,,,,,,,,
2018,Indiana,9,Jackson,18071,Liz Watson,Trey Hollingsworth,,30,4481,9935,0,14416,0.310835,0.689165,0.0,0.310835,5454,0.37833,Republican,27976,14828,0.53,0.530026,10238,4590,0.31,0.30955,https://www.in.gov/sos/elections/voter-information/files/2018-General-Election-Turnout-from-the-ENR-page.pdf,9,no,,,,,,,,,,,,,,,,,,,,,,,,,,,,,,
2018,Indiana,9,Johnson,18081,Liz Watson,Trey Hollingsworth,,134,18039,33664,0,51703,0.348897,0.651103,0.0,0.348897,15625,0.302207,Republican,103953,52220,0.5,0.502342,27998,24222,0.46,0.463845,https://www.in.gov/sos/elections/voter-information/files/2018-General-Election-Turnout-from-the-ENR-page.pdf,9,no,,,,,,,,,,,,,,,,,,,,,,,,,,,,,,
2018,Indiana,9,Lawrence,18093,Liz Watson,Trey Hollingsworth,,40,4907,10549,0,15456,0.317482,0.682518,0.0,0.317482,5642,0.365036,Republican,30766,15724,0.51,0.511084,8878,6846,0.44,0.435385,https://www.in.gov/sos/elections/voter-information/files/2018-General-Election-Turnout-from-the-ENR-page.pdf,9,no,,,,,,,,,,,,,,,,,,,,,,,,,,,,,,
2018,Indiana,9,Monroe,18105,Liz Watson,Trey Hollingsworth,,83,35579,16209,0,51788,0.687012,0.312988,0.0,0.687012,-19370,-0.374025,Democratic,97210,52343,0.54,0.538453,27359,24984,0.48,0.477313,https://www.in.gov/sos/elections/voter-information/files/2018-General-Election-Turnout-from-the-ENR-page.pdf,9,no,,,,,,,,,,,,,,,,,,,,,,,,,,,,,,
2018,Indiana,9,Morgan,18109,Liz Watson,Trey Hollingsworth,,36,4595,12353,0,16948,0.271123,0.728877,0.0,0.271123,7758,0.457753,Republican,48280,25480,0.53,0.527755,13061,12419,0.49,0.487402,https://www.in.gov/sos/elections/voter-information/files/2018-General-Election-Turnout-from-the-ENR-page.pdf,4;9,yes,,,,,,,,,,,,,,,,,,,,,,,,,,,,,,
2018,Indiana,9,Orange,18117,Liz Watson,Trey Hollingsworth,,22,2277,4495,0,6772,0.336237,0.663763,0.0,0.336237,2218,0.327525,Republican,13508,6933,0.51,0.513251,5490,1443,0.21,0.208135,https://www.in.gov/sos/elections/voter-information/files/2018-General-Election-Turnout-from-the-ENR-page.pdf,9,no,,,,,,,,,,,,,,,,,,,,,,,,,,,,,,
2018,Indiana,9,Scott,18143,Liz Watson,Trey Hollingsworth,,8,1667,2379,0,4046,0.412012,0.587988,0.0,0.412012,712,0.175976,Republican,16949,7920,0.47,0.467284,5827,2093,0.26,0.264268,https://www.in.gov/sos/elections/voter-information/files/2018-General-Election-Turnout-from-the-ENR-page.pdf,6;9,yes,,,,,,,,,,,,,,,,,,,,,,,,,,,,,,
2020,Indiana,9,Brown,18013,Andy Ruff,Trey Hollingsworth,Tonya L. Millis,13,2831,5643,391,8865,0.319346,0.636548,0.044106,0.334081,2812,0.331839,Republican,12622,8991,0.71,0.712328,3154,5837,0.65,0.649205,https://www.in.gov/sos/elections/voter-information/files/Election_Turnout_and_Registration_20201202_052923PM.pdf,9,no,,,,,,,,,,,,,,,,,,,,,,,,,,,,,,
2020,Indiana,9,Clark,18019,Andy Ruff,Trey Hollingsworth,Tonya L. Millis,73,20246,34130,2441,56817,0.356337,0.6007,0.042962,0.372333,13884,0.255333,Republican,94856,58298,0.61,0.614595,29632,28666,0.49,0.491715,https://www.in.gov/sos/elections/voter-information/files/Election_Turnout_and_Registration_20201202_052923PM.pdf,9,no,,,,,,,,,,,,,,,,,,,,,,,,,,,,,,
2020,Indiana,9,Crawford,18025,Andy Ruff,Trey Hollingsworth,Tonya L. Millis,14,1138,2685,157,3980,0.28593,0.674623,0.039447,0.297672,1547,0.404656,Republican,7855,5032,0.64,0.640611,3063,1924,0.38,0.382353,https://www.in.gov/sos/elections/voter-information/files/Election_Turnout_and_Registration_20201202_052923PM.pdf,8;9,yes,,,,,,,,,,,,,,,,,,,,,,,,,,,,,,
2020,Indiana,9,Harrison,18061,Andy Ruff,Trey Hollingsworth,Tonya L. Millis,39,4879,14532,615,20026,0.243633,0.725657,0.03071,0.251352,9653,0.497295,Republican,29654,20445,0.69,0.689452,12081,8364,0.41,0.409098,https://www.in.gov/sos/elections/voter-information/files/Election_Turnout_and_Registration_20201202_052923PM.pdf,9,no,,,,,,,,,,,,,,,,,,,,,,,,,,,,,,
2020,Indiana,9,Johnson,18081,Andy Ruff,Trey Hollingsworth,Tonya L. Millis,135,21466,51843,3171,76480,0.280675,0.677863,0.041462,0.292815,30377,0.414369,Republican,111428,78343,0.7,0.703082,16629,61714,0.79,0.787741,https://www.in.gov/sos/elections/voter-information/files/Election_Turnout_and_Registration_20201202_052923PM.pdf,9,no,,,,,,,,,,,,,,,,,,,,,,,,,,,,,,
2020,Indiana,9,Monroe,18105,Andy Ruff,Trey Hollingsworth,Tonya L. Millis,82,37455,22484,2442,62381,0.600423,0.36043,0.039147,0.624885,-14971,-0.249771,Democratic,100528,63632,0.63,0.632978,25887,37745,0.59,0.593176,https://www.in.gov/sos/elections/voter-information/files/Election_Turnout_and_Registration_20201202_052923PM.pdf,9,no,,,,,,,,,,,,,,,,,,,,,,,,,,,,,,
2022,Indiana,9,Bartholomew,18005,Matthew Fyfe,Erin Houchin,Tonya L. Millis,6,506,1934,84,2524,0.200475,0.766244,0.033281,0.207377,1428,0.585246,Republican,53498,22805,0.43,0.426278,11966,10839,0.48,0.475291,https://www.in.gov/sos/elections/voter-information/files/Election_Turnout_and_Registration-2022-General.pdf,6;9,yes,,,,,,,,,,,,,,,,,,,,,,,,,,,,,,
2022,Indiana,9,Clark,18019,Matthew Fyfe,Erin Houchin,Tonya L. Millis,74,13073,22026,1194,36293,0.360207,0.606894,0.032899,0.372461,8953,0.255078,Republican,98877,36846,0.37,0.372645,29410,7436,0.2,0.201813,https://www.in.gov/sos/elections/voter-information/files/Election_Turnout_and_Registration-2022-General.pdf,9,no,,,,,,,,,,,,,,,,,,,,,,,,,,,,,,
2022,Indiana,9,Dearborn,18029,Matthew Fyfe,Erin Houchin,Tonya L. Millis,45,2641,11368,294,14303,0.184647,0.794798,0.020555,0.188522,8727,0.622957,Republican,39894,14411,0.36,0.361232,11476,2935,0.2,0.203664,https://www.in.gov/sos/elections/voter-information/files/Election_Turnout_and_Registration-2022-General.pdf,9,no,,,,,,,,,,,,,,,,,,,,,,,,,,,,,,
2022,Indiana,9,Decatur,18031,Matthew Fyfe,Erin Houchin,Tonya L. Millis,22,1477,6211,316,8004,0.184533,0.775987,0.03948,0.192118,4734,0.615765,Republican,17188,2956,0.17,0.17198,3715,4357,1.47,1.473951,https://www.in.gov/sos/elections/voter-information/files/Election_Turnout_and_Registration-2022-General.pdf,9,no,,,,,,,,,,,,,,,,,,,,,,,,,,,,,,
2022,Indiana,9,Franklin,18047,Matthew Fyfe,Erin Houchin,Tonya L. Millis,23,1247,5967,141,7355,0.169545,0.811285,0.019171,0.172858,4720,0.654283,Republican,17101,7566,0.44,0.44243,5991,1575,0.21,0.208168,https://www.in.gov/sos/elections/voter-information/files/Election_Turnout_and_Registration-2022-General.pdf,9,no,,,,,,,,,,,,,,,,,,,,,,,,,,,,,,
2022,Indiana,9,Harrison,18061,Matthew Fyfe,Erin Houchin,Tonya L. Millis,45,3360,10231,347,13938,0.241068,0.734036,0.024896,0.247222,6871,0.505555,Republican,29689,14108,0.48,0.475193,10771,3337,0.24,0.236532,https://www.in.gov/sos/elections/voter-information/files/Election_Turnout_and_Registration-2022-General.pdf,9,no,,,,,,,,,,,,,,,,,,,,,,,,,,,,,,
2022,Indiana,9,Jefferson,18077,Matthew Fyfe,Erin Houchin,Tonya L. Millis,26,3152,6388,227,9767,0.322719,0.654039,0.023242,0.330398,3236,0.339203,Republican,22059,10004,0.45,0.453511,6705,3299,0.33,0.329768,https://www.in.gov/sos/elections/voter-information/files/Election_Turnout_and_Registration-2022-General.pdf,9,no,,,,,,,,,,,,,,,,,,,,,,,,,,,,,,
2022,Indiana,9,Jennings,18079,Matthew Fyfe,Erin Houchin,Tonya L. Millis,25,1613,5951,349,7913,0.203842,0.752054,0.044105,0.213247,4338,0.573506,Republican,18238,8157,0.45,0.447253,6541,1616,0.2,0.198112,https://www.in.gov/sos/elections/voter-information/files/Election_Turnout_and_Registration-2022-General.pdf,9,no,,,,,,,,,,,,,,,,,,,,,,,,,,,,,,
2022,Indiana,9,Scott,18143,Matthew Fyfe,Erin Houchin,Tonya L. Millis,16,0,0,0,0,,,,,0,,Tie,17187,7112,0.41,0.413801,5021,2091,0.29,0.29401,https://www.in.gov/sos/elections/voter-information/files/Election_Turnout_and_Registration-2022-General.pdf,9,no,,,,,,,,,,,,,,,,,,,,,,,,,,,,,,
2024,Indiana,9,Bartholomew,18005,"Timothy ""Tim"" Peck",Erin Houchin,"Russell ""Russ"" Brooksbank",6,827,3099,123,4049,0.204248,0.765374,0.030378,0.210647,2272,0.578706,Republican,54087,35952,0.66,0.664707,12331,23621,0.66,0.657015,https://www.in.gov/sos/elections/voter-information/files/2024-General-Election-Turnout-and-Registration-Report.pdf,6;9,yes,83536,37.5,66196,1545,70,6174,9,4525,5017,7710,0.792425,0.018495,0.073908,0.092296,56413,51904,0.920072,19237,0.341003,79901,43601,1794,0.041146,82231,8609,0.104693,33359,23123,0.693156,https://censusreporter.org/profiles/05000US18005-bartholomew-county-in/
2024,Indiana,9,Brown,18013,"Timothy ""Tim"" Peck",Erin Houchin,"Russell ""Russ"" Brooksbank",11,2701,5506,344,8551,0.315869,0.643901,0.040229,0.329109,2805,0.341781,Republican,13545,9066,0.67,0.669324,3905,5161,0.57,0.56927,https://www.in.gov/sos/elections/voter-information/files/2024-General-Election-Turnout-and-Registration-Report.pdf,9,no,15606,51,14706,46,145,86,12,55,556,304,0.94233,0.002948,0.005511,0.01948,12135,11432,0.942068,3204,0.26403,78528,7906,170,0.021503,15403,1199,0.077842,6781,5873,0.866096,https://censusreporter.org/profiles/05000US18013-brown-county-in/
2024,Indiana,9,Clark,18019,"Timothy ""Tim"" Peck",Erin Houchin,"Russell ""Russ"" Brooksbank",74,21855,33129,1899,56883,0.38421,0.582406,0.033384,0.397479,11274,0.205041,Republican,96263,59078,0.61,0.613715,36556,22522,0.38,0.381225,https://www.in.gov/sos/elections/voter-information/files/2024-General-Election-Turnout-and-Registration-Report.pdf,9,no,124354,39.9,101612,9069,429,1514,35,2428,9267,8547,0.817119,0.072929,0.012175,0.068731,87525,79786,0.91158,24281,0.277418,74214,66192,2651,0.04005,122565,12503,0.102011,51242,38300,0.747434,https://censusreporter.org/profiles/05000US18019-clark-county-in/
2024,Indiana,9,Dearborn,18029,"Timothy ""Tim"" Peck",Erin Houchin,"Russell ""Russ"" Brooksbank",45,4884,20813,680,26377,0.185161,0.789059,0.02578,0.190061,15929,0.619878,Republican,40526,26837,0.66,0.662217,14949,11888,0.44,0.442971,https://www.in.gov/sos/elections/voter-information/files/2024-General-Election-Turnout-and-Registration-Report.pdf,9,no,51094,42.1,48314,139,60,276,0,376,1929,795,0.94559,0.00272,0.005402,0.01556,35955,33318,0.926658,9085,0.252677,84735,25953,500,0.019266,50372,3849,0.076411,20282,17287,0.852332,https://censusreporter.org/profiles/05000US18029-dearborn-county-in/
2024,Indiana,9,Decatur,18031,"Timothy ""Tim"" Peck",Erin Houchin,"Russell ""Russ"" Brooksbank",22,2069,9201,393,11663,0.177399,0.788905,0.033696,0.183585,7132,0.632831,Republican,17631,12281,0.7,0.696557,6566,5715,0.47,0.465353,https://www.in.gov/sos/elections/voter-information/files/2024-General-Election-Turnout-and-Registration-Report.pdf,9,no,26422,39.8,24649,178,77,22,0,279,1217,667,0.932897,0.006737,0.000833,0.025244,18116,16441,0.90754,3617,0.199658,69783,13720,363,0.026458,25880,2639,0.101971,10712,8151,0.760922,https://censusreporter.org/profiles/05000US18031-decatur-county-in/
2024,Indiana,9,Floyd,18043,"Timothy ""Tim"" Peck",Erin Houchin,"Russell ""Russ"" Brooksbank",60,15941,23841,976,40758,0.391113,0.58494,0.023946,0.400709,7900,0.198582,Republican,62972,41686,0.66,0.661977,13566,28120,0.67,0.674567,https://www.in.gov/sos/elections/voter-information/files/2024-General-Election-Turnout-and-Registration-Report.pdf,9,no,80918,40.9,69488,3867,162,1002,32,849,5518,3453,0.858746,0.047789,0.012383,0.042673,56178,52163,0.928531,18503,0.329364,79704,41597,1714,0.041205,79363,8212,0.103474,31916,23358,0.731859,https://censusreporter.org/profiles/05000US18043-floyd-county-in/
2024,Indiana,9,Franklin,18047,"Timothy ""Tim"" Peck",Erin Houchin,"Russell ""Russ"" Brooksbank",23,1843,9415,234,11492,0.160372,0.819266,0.020362,0.163706,7572,0.672588,Republican,17922,12204,0.68,0.680951,5887,6317,0.52,0.517617,https://www.in.gov/sos/elections/voter-information/files/2024-General-Election-Turnout-and-Registration-Report.pdf,9,no,23020,42.4,22081,18,8,207,0,161,545,270,0.959209,0.000782,0.008992,0.011729,16231,14633,0.901546,3162,0.194812,78074,11601,456,0.039307,22884,1579,0.069,9211,7509,0.815221,https://censusreporter.org/profiles/05000US18047-franklin-county-in/
2024,Indiana,9,Harrison,18061,"Timothy ""Tim"" Peck",Erin Houchin,"Russell ""Russ"" Brooksbank",45,4894,14884,441,20219,0.24205,0.736139,0.021811,0.247447,9990,0.505107,Republican,30280,20637,0.68,0.681539,12760,7877,0.38,0.381693,https://www.in.gov/sos/elections/voter-information/files/2024-General-Election-Turnout-and-Registration-Report.pdf,9,no,39859,43,37664,338,321,269,0,205,1062,961,0.944931,0.00848,0.006749,0.02411,28217,25948,0.919587,6136,0.217458,74475,19479,683,0.035063,39414,2826,0.0717,15497,12962,0.83642,https://censusreporter.org/profiles/05000US18061-harrison-county-in/
2024,Indiana,9,Jackson,18071,"Timothy ""Tim"" Peck",Erin Houchin,"Russell ""Russ"" Brooksbank",30,3534,14459,437,18430,0.191753,0.784536,0.023711,0.19641,10925,0.607181,Republican,26143,18867,0.72,0.721685,7954,10913,0.58,0.578417,https://www.in.gov/sos/elections/voter-information/files/2024-General-Election-Turnout-and-Registration-Report.pdf,9,no,46660,38.4,37337,276,1005,1043,0,2366,4633,6707,0.800193,0.005915,0.022353,0.143742,30885,27162,0.879456,6262,0.202752,70262,22907,605,0.026411,45590,5605,0.122944,18138,13272,0.731723,https://censusreporter.org/profiles/05000US18071-jackson-county-in/
2024,Indiana,9,Jefferson,18077,"Timothy ""Tim"" Peck",Erin Houchin,"Russell ""Russ"" Brooksbank",26,4209,9327,310,13846,0.303987,0.673624,0.022389,0.310949,5118,0.378103,Republican,22105,14514,0.66,0.656594,8081,6433,0.44,0.443227,https://www.in.gov/sos/elections/voter-information/files/2024-General-Election-Turnout-and-Registration-Report.pdf,9,no,32998,41.8,30457,343,60,270,11,501,1356,1148,0.922995,0.010395,0.008182,0.03479,23212,20880,0.899535,4587,0.197613,64577,15804,694,0.043913,30858,3808,0.123404,12790,9188,0.718374,https://censusreporter.org/profiles/05000US18077-jefferson-county-in/
2024,Indiana,9,Jennings,18079,"Timothy ""Tim"" Peck",Erin Houchin,"Russell ""Russ"" Brooksbank",25,2260,8847,412,11519,0.196198,0.768035,0.035767,0.203475,6587,0.593049,Republican,18351,11931,0.65,0.650155,7979,3952,0.33,0.331238,https://www.in.gov/sos/elections/voter-information/files/2024-General-Election-Turnout-and-Registration-Report.pdf,9,no,27562,40.3,25744,96,93,125,0,439,1065,957,0.93404,0.003483,0.004535,0.034722,19108,16760,0.87712,2823,0.147739,69322,13435,617,0.045925,26744,3371,0.126047,10944,8621,0.787738,https://censusreporter.org/profiles/05000US18079-jennings-county-in/
2024,Indiana,9,Lawrence,18093,"Timothy ""Tim"" Peck",Erin Houchin,"Russell ""Russ"" Brooksbank",40,4372,15417,625,20414,0.214167,0.755217,0.030616,0.220931,11045,0.558138,Republican,34759,21468,0.62,0.617624,7617,13851,0.65,0.645193,https://www.in.gov/sos/elections/voter-information/files/2024-General-Election-Turnout-and-Registration-Report.pdf,9,no,45102,43.3,42296,109,27,250,13,576,1831,900,0.937785,0.002417,0.005543,0.019955,32168,28927,0.899248,6566,0.204116,66468,22351,788,0.035256,44364,5429,0.122374,19135,15438,0.806794,https://censusreporter.org/profiles/05000US18093-lawrence-county-in/
2024,Indiana,9,Monroe,18105,"Timothy ""Tim"" Peck",Erin Houchin,"Russell ""Russ"" Brooksbank",26,9811,4994,418,15223,0.644485,0.328056,0.027458,0.662682,-4817,-0.325363,Democratic,93146,59855,0.64,0.642593,23965,35890,0.6,0.599616,https://www.in.gov/sos/elections/voter-information/files/2024-General-Election-Turnout-and-Registration-Report.pdf,9,no,140965,31.2,115589,4988,219,9644,25,1625,8875,6736,0.819984,0.035385,0.068414,0.047785,83279,78954,0.948066,41185,0.494542,65868,75489,4156,0.055054,126485,24897,0.196838,59236,31967,0.539655,https://censusreporter.org/profiles/05000US18105-monroe-county-in/
2024,Indiana,9,Ohio,18115,"Timothy ""Tim"" Peck",Erin Houchin,"Russell ""Russ"" Brooksbank",11,626,2303,71,3000,0.208667,0.767667,0.023667,0.213725,1677,0.57255,Republican,5231,3117,0.6,0.595871,1522,1595,0.51,0.51171,https://www.in.gov/sos/elections/voter-information/files/2024-General-Election-Turnout-and-Registration-Report.pdf,9,no,5999,47.2,5687,5,7,64,0,110,126,112,0.947991,0.000833,0.010668,0.01867,4449,4180,0.939537,790,0.177568,70392,2895,39,0.013472,5952,482,0.080981,2619,2130,0.813288,https://censusreporter.org/profiles/05000US18115-ohio-county-in/
2024,Indiana,9,Ripley,18137,"Timothy ""Tim"" Peck",Erin Houchin,"Russell ""Russ"" Brooksbank",37,2501,11439,297,14237,0.175669,0.80347,0.020861,0.179412,8938,0.641176,Republican,22603,14523,0.64,0.642525,8888,5635,0.39,0.388005,https://www.in.gov/sos/elections/voter-information/files/2024-General-Election-Turnout-and-Registration-Report.pdf,9,no,29095,41.2,27539,218,7,152,0,473,706,577,0.94652,0.007493,0.005224,0.019832,19894,18030,0.906303,4122,0.207198,70573,14778,447,0.030248,28565,2889,0.101138,11531,8861,0.76845,https://censusreporter.org/profiles/05000US18137-ripley-county-in/
2024,Indiana,9,Scott,18143,"Timothy ""Tim"" Peck",Erin Houchin,"Russell ""Russ"" Brooksbank",16,2300,6816,220,9336,0.246358,0.730077,0.023565,0.252304,4516,0.495393,Republican,17390,10318,0.59,0.593329,5279,5039,0.49,0.48837,https://www.in.gov/sos/elections/voter-information/files/2024-General-Election-Turnout-and-Registration-Report.pdf,9,no,24526,40.8,23142,118,2,0,16,396,852,644,0.94357,0.004811,0.0,0.026258,16977,14458,0.851623,2154,0.126878,56352,11494,379,0.032974,23816,3944,0.165603,9848,6984,0.70918,https://censusreporter.org/profiles/05000US18143-scott-county-in/
2024,Indiana,9,Switzerland,18155,"Timothy ""Tim"" Peck",Erin Houchin,"Russell ""Russ"" Brooksbank",12,875,3183,85,4143,0.2112,0.768284,0.020517,0.215623,2308,0.568753,Republican,7683,4315,0.56,0.56163,1320,2995,0.69,0.69409,https://www.in.gov/sos/elections/voter-information/files/2024-General-Election-Turnout-and-Registration-Report.pdf,9,no,9909,42.5,9410,27,26,30,0,23,393,61,0.949642,0.002725,0.003028,0.006156,6854,5500,0.802451,607,0.088561,65343,4565,191,0.04184,9760,1232,0.12623,3875,3043,0.78529,https://censusreporter.org/profiles/05000US18155-switzerland-county-in/
2024,Indiana,9,Washington,18175,"Timothy ""Tim"" Peck",Erin Houchin,"Russell ""Russ"" Brooksbank",23,2535,9565,430,12530,0.202314,0.763368,0.034318,0.209504,7030,0.580992,Republican,19396,12786,0.66,0.659208,8183,4603,0.36,0.360003,https://www.in.gov/sos/elections/voter-information/files/2024-General-Election-Turnout-and-Registration-Report.pdf,9,no,28212,41.5,26962,97,3,37,0,219,894,433,0.955693,0.003438,0.001311,0.015348,19759,17354,0.878283,2858,0.144643,64641,13882,440,0.031696,27751,4009,0.144463,11229,9214,0.820554,https://censusreporter.org/profiles/05000US18175-washington-county-in/
