year,county_name,registered_voters,voters_voting,turnout_pct_reported,turnout_rate,election_day_votes,absentee_votes,absentee_share_reported,absentee_share,source
2016,Adams,19482,13463,0.69,0.691048,7235,6228,0.46,0.462601,https://www.in.gov/sos/elections/voter-information/files/2016_General_Election_Turnout.pdf
2016,Allen,276407,150739,0.55,0.545352,108542,42197,0.28,0.279934,https://www.in.gov/sos/elections/voter-information/files/2016_General_Election_Turnout.pdf
2016,Bartholomew,55494,33198,0.6,0.598227,17035,16161,0.49,0.486806,https://www.in.gov/sos/elections/voter-information/files/2016_General_Election_Turnout.pdf
2016,Benton,6129,3793,0.62,0.618861,2850,943,0.25,0.248616,https://www.in.gov/sos/elections/voter-information/files/2016_General_Election_Turnout.pdf
2016,Blackford,8976,4992,0.56,0.55615,2542,2450,0.49,0.490785,https://www.in.gov/sos/elections/voter-information/files/2016_General_Election_Turnout.pdf
2016,Boone,49294,33067,0.67,0.670812,11062,22005,0.67,0.665467,https://www.in.gov/sos/elections/voter-information/files/2016_General_Election_Turnout.pdf
2016,Brown,12955,8229,0.64,0.635199,5192,3037,0.37,0.369061,https://www.in.gov/sos/elections/voter-information/files/2016_General_Election_Turnout.pdf
2016,Carroll,14338,8899,0.62,0.620658,4749,4150,0.47,0.466345,https://www.in.gov/sos/elections/voter-information/files/2016_General_Election_Turnout.pdf
2016,Cass,22012,14620,0.66,0.664183,4992,9628,0.66,0.65855,https://www.in.gov/sos/elections/voter-information/files/2016_General_Election_Turnout.pdf
2016,Clark,94446,52204,0.55,0.552739,42620,9584,0.18,0.183587,https://www.in.gov/sos/elections/voter-information/files/2016_General_Election_Turnout.pdf
2016,Clay,19581,11479,0.59,0.586232,7209,4270,0.37,0.371984,https://www.in.gov/sos/elections/voter-information/files/2016_General_Election_Turnout.pdf
2016,Clinton,20529,12191,0.59,0.593843,6189,6002,0.49,0.49233,https://www.in.gov/sos/elections/voter-information/files/2016_General_Election_Turnout.pdf
2016,Crawford,9286,4766,0.51,0.513246,3893,873,0.18,0.183172,https://www.in.gov/sos/elections/voter-information/files/2016_General_Election_Turnout.pdf
2016,Daviess,19449,11025,0.57,0.566867,7828,3197,0.29,0.289977,https://www.in.gov/sos/elections/voter-information/files/2016_General_Election_Turnout.pdf
2016,Dearborn,39926,27366,0.69,0.685418,24500,2866,0.1,0.104728,https://www.in.gov/sos/elections/voter-information/files/2016_General_Election_Turnout.pdf
2016,Decatur,15950,11319,0.71,0.709655,8262,3057,0.27,0.270077,https://www.in.gov/sos/elections/voter-information/files/2016_General_Election_Turnout.pdf
2016,DeKalb,30441,17228,0.57,0.565947,11319,5909,0.34,0.342988,https://www.in.gov/sos/elections/voter-information/files/2016_General_Election_Turnout.pdf
2016,Delaware,91038,46379,0.51,0.509447,36313,10066,0.22,0.217038,https://www.in.gov/sos/elections/voter-information/files/2016_General_Election_Turnout.pdf
2016,Dubois,30878,20529,0.66,0.664842,10276,10253,0.5,0.49944,https://www.in.gov/sos/elections/voter-information/files/2016_General_Election_Turnout.pdf
2016,Elkhart,134922,68055,0.5,0.504403,50401,17654,0.26,0.259408,https://www.in.gov/sos/elections/voter-information/files/2016_General_Election_Turnout.pdf
2016,Fayette,17607,9791,0.56,0.556086,6224,3567,0.36,0.364314,https://www.in.gov/sos/elections/voter-information/files/2016_General_Election_Turnout.pdf
2016,Floyd,61175,38266,0.63,0.625517,17616,20650,0.54,0.539644,https://www.in.gov/sos/elections/voter-information/files/2016_General_Election_Turnout.pdf
2016,Fountain,12784,7722,0.6,0.604036,6299,1423,0.18,0.184279,https://www.in.gov/sos/elections/voter-information/files/2016_General_Election_Turnout.pdf
2016,Franklin,18784,11234,0.6,0.598062,9424,1810,0.16,0.161118,https://www.in.gov/sos/elections/voter-information/files/2016_General_Election_Turnout.pdf
2016,Fulton,13374,8663,0.65,0.647749,5791,2872,0.33,0.331525,https://www.in.gov/sos/elections/voter-information/files/2016_General_Election_Turnout.pdf
2016,Gibson,24646,15821,0.64,0.64193,10929,4892,0.31,0.309209,https://www.in.gov/sos/elections/voter-information/files/2016_General_Election_Turnout.pdf
2016,Grant,49440,26035,0.53,0.526598,17777,8258,0.32,0.317188,https://www.in.gov/sos/elections/voter-information/files/2016_General_Election_Turnout.pdf
2016,Greene,21708,14197,0.65,0.653999,10028,4169,0.29,0.293654,https://www.in.gov/sos/elections/voter-information/files/2016_General_Election_Turnout.pdf
2016,Hamilton,230786,158205,0.69,0.685505,104597,53608,0.34,0.338851,https://www.in.gov/sos/elections/voter-information/files/2016_General_Election_Turnout.pdf
2016,Hancock,56315,36920,0.66,0.655598,11518,25402,0.69,0.688028,https://www.in.gov/sos/elections/voter-information/files/2016_General_Election_Turnout.pdf
2016,Harrison,28754,18958,0.66,0.659317,14718,4240,0.22,0.223652,https://www.in.gov/sos/elections/voter-information/files/2016_General_Election_Turnout.pdf
2016,Hendricks,109903,77182,0.7,0.702274,48669,28513,0.37,0.369426,https://www.in.gov/sos/elections/voter-information/files/2016_General_Election_Turnout.pdf
2016,Henry,31363,20591,0.66,0.656538,15411,5180,0.25,0.251566,https://www.in.gov/sos/elections/voter-information/files/2016_General_Election_Turnout.pdf
2016,Howard,63952,38019,0.59,0.594493,11123,26896,0.71,0.707436,https://www.in.gov/sos/elections/voter-information/files/2016_General_Election_Turnout.pdf
2016,Huntington,25859,16413,0.63,0.634711,7378,9035,0.55,0.550478,https://www.in.gov/sos/elections/voter-information/files/2016_General_Election_Turnout.pdf
2016,Jackson,30531,17976,0.59,0.588779,12922,5054,0.28,0.281153,https://www.in.gov/sos/elections/voter-information/files/2016_General_Election_Turnout.pdf
2016,Jasper,23582,13719,0.58,0.581757,11088,2631,0.19,0.191778,https://www.in.gov/sos/elections/voter-information/files/2016_General_Election_Turnout.pdf
2016,Jay,12632,8170,0.65,0.64677,5084,3086,0.38,0.377723,https://www.in.gov/sos/elections/voter-information/files/2016_General_Election_Turnout.pdf
2016,Jefferson,22004,13899,0.63,0.631658,10269,3630,0.26,0.26117,https://www.in.gov/sos/elections/voter-information/files/2016_General_Election_Turnout.pdf
2016,Jennings,19063,11421,0.6,0.599119,8751,2670,0.23,0.23378,https://www.in.gov/sos/elections/voter-information/files/2016_General_Election_Turnout.pdf
2016,Johnson,107546,67754,0.63,0.63,29499,38255,0.56,0.564616,https://www.in.gov/sos/elections/voter-information/files/2016_General_Election_Turnout.pdf
2016,Knox,26927,15910,0.59,0.590857,11400,4510,0.28,0.28347,https://www.in.gov/sos/elections/voter-information/files/2016_General_Election_Turnout.pdf
2016,Kosciusko,54154,32980,0.61,0.609004,26778,6202,0.19,0.188053,https://www.in.gov/sos/elections/voter-information/files/2016_General_Election_Turnout.pdf
2016,LaGrange,16522,11707,0.71,0.70857,9807,1900,0.16,0.162296,https://www.in.gov/sos/elections/voter-information/files/2016_General_Election_Turnout.pdf
2016,Lake,364293,207097,0.57,0.56849,150316,56781,0.27,0.274176,https://www.in.gov/sos/elections/voter-information/files/2016_General_Election_Turnout.pdf
2016,La Porte,83837,46369,0.55,0.553085,34676,11693,0.25,0.252173,https://www.in.gov/sos/elections/voter-information/files/2016_General_Election_Turnout.pdf
2016,Lawrence,33367,19541,0.59,0.585639,12375,7166,0.37,0.366716,https://www.in.gov/sos/elections/voter-information/files/2016_General_Election_Turnout.pdf
2016,Madison,97563,54979,0.56,0.563523,43967,11012,0.2,0.200295,https://www.in.gov/sos/elections/voter-information/files/2016_General_Election_Turnout.pdf
2016,Marion,699709,370498,0.53,0.529503,301899,68599,0.19,0.185153,https://www.in.gov/sos/elections/voter-information/files/2016_General_Election_Turnout.pdf
2016,Marshall,30300,18566,0.61,0.612739,12832,5734,0.31,0.308844,https://www.in.gov/sos/elections/voter-information/files/2016_General_Election_Turnout.pdf
2016,Martin,7917,4947,0.62,0.624858,3565,1382,0.28,0.279361,https://www.in.gov/sos/elections/voter-information/files/2016_General_Election_Turnout.pdf
2016,Miami,23197,13780,0.59,0.594042,4886,8894,0.65,0.645428,https://www.in.gov/sos/elections/voter-information/files/2016_General_Election_Turnout.pdf
2016,Monroe,112228,59847,0.53,0.533263,28894,30953,0.52,0.517202,https://www.in.gov/sos/elections/voter-information/files/2016_General_Election_Turnout.pdf
2016,Montgomery,24363,15471,0.64,0.63502,5020,10451,0.68,0.675522,https://www.in.gov/sos/elections/voter-information/files/2016_General_Election_Turnout.pdf
2016,Morgan,51542,31898,0.62,0.618874,15970,15928,0.5,0.499342,https://www.in.gov/sos/elections/voter-information/files/2016_General_Election_Turnout.pdf
2016,Newton,11348,5938,0.52,0.523264,5117,821,0.14,0.138262,https://www.in.gov/sos/elections/voter-information/files/2016_General_Election_Turnout.pdf
2016,Noble,31028,17361,0.56,0.559527,9681,7680,0.44,0.442371,https://www.in.gov/sos/elections/voter-information/files/2016_General_Election_Turnout.pdf
2016,Ohio,4927,2988,0.61,0.606454,1969,1019,0.34,0.341031,https://www.in.gov/sos/elections/voter-information/files/2016_General_Election_Turnout.pdf
2016,Orange,15736,8473,0.54,0.538447,6640,1833,0.22,0.216334,https://www.in.gov/sos/elections/voter-information/files/2016_General_Election_Turnout.pdf
2016,Owen,14851,8773,0.59,0.590735,4998,3775,0.43,0.430298,https://www.in.gov/sos/elections/voter-information/files/2016_General_Election_Turnout.pdf
2016,Parke,12221,6783,0.56,0.555028,4854,1929,0.28,0.284387,https://www.in.gov/sos/elections/voter-information/files/2016_General_Election_Turnout.pdf
2016,Perry,12846,8245,0.64,0.641834,4887,3358,0.41,0.407277,https://www.in.gov/sos/elections/voter-information/files/2016_General_Election_Turnout.pdf
2016,Pike,9413,6159,0.65,0.654308,4375,1784,0.29,0.289657,https://www.in.gov/sos/elections/voter-information/files/2016_General_Election_Turnout.pdf
2016,Porter,126944,79075,0.62,0.622912,58090,20985,0.27,0.265381,https://www.in.gov/sos/elections/voter-information/files/2016_General_Election_Turnout.pdf
2016,Posey,19229,12757,0.66,0.663425,8661,4096,0.32,0.321079,https://www.in.gov/sos/elections/voter-information/files/2016_General_Election_Turnout.pdf
2016,Pulaski,9609,5599,0.58,0.582683,3495,2104,0.38,0.375781,https://www.in.gov/sos/elections/voter-information/files/2016_General_Election_Turnout.pdf
2016,Putnam,25270,15043,0.6,0.595291,10798,4245,0.28,0.282191,https://www.in.gov/sos/elections/voter-information/files/2016_General_Election_Turnout.pdf
2016,Randolph,17956,10707,0.6,0.596291,8642,2065,0.19,0.192864,https://www.in.gov/sos/elections/voter-information/files/2016_General_Election_Turnout.pdf
2016,Ripley,22190,13157,0.59,0.592925,11138,2019,0.15,0.153454,https://www.in.gov/sos/elections/voter-information/files/2016_General_Election_Turnout.pdf
2016,Rush,11846,7372,0.62,0.62232,5400,1972,0.27,0.267499,https://www.in.gov/sos/elections/voter-information/files/2016_General_Election_Turnout.pdf
2016,St. Joseph,212720,113070,0.53,0.531544,86119,26951,0.24,0.238357,https://www.in.gov/sos/elections/voter-information/files/2016_General_Election_Turnout.pdf
2016,Scott,19757,9268,0.47,0.4691,7043,2225,0.24,0.240073,https://www.in.gov/sos/elections/voter-information/files/2016_General_Election_Turnout.pdf
2016,Shelby,29608,18380,0.62,0.620778,12606,5774,0.31,0.314146,https://www.in.gov/sos/elections/voter-information/files/2016_General_Election_Turnout.pdf
2016,Spencer,16067,10255,0.64,0.638265,7266,2989,0.29,0.291468,https://www.in.gov/sos/elections/voter-information/files/2016_General_Election_Turnout.pdf
2016,Starke,18112,9487,0.52,0.523796,7027,2460,0.26,0.259302,https://www.in.gov/sos/elections/voter-information/files/2016_General_Election_Turnout.pdf
2016,Steuben,23107,14898,0.64,0.64474,11182,3726,0.25,0.250101,https://www.in.gov/sos/elections/voter-information/files/2016_General_Election_Turnout.pdf
2016,Sullivan,14906,8796,0.59,0.590098,6780,2016,0.23,0.229195,https://www.in.gov/sos/elections/voter-information/files/2016_General_Election_Turnout.pdf
2016,Switzerland,7460,3557,0.48,0.47681,1262,2295,0.65,0.645207,https://www.in.gov/sos/elections/voter-information/files/2016_General_Election_Turnout.pdf
2016,Tippecanoe,113548,64123,0.56,0.564722,31226,32897,0.51,0.51303,https://www.in.gov/sos/elections/voter-information/files/2016_General_Election_Turnout.pdf
2016,Tipton,12640,7701,0.61,0.609256,5613,2088,0.27,0.271134,https://www.in.gov/sos/elections/voter-information/files/2016_General_Election_Turnout.pdf
2016,Union,5913,3354,0.57,0.567225,2395,959,0.29,0.285927,https://www.in.gov/sos/elections/voter-information/files/2016_General_Election_Turnout.pdf
2016,Vanderburgh,139519,74236,0.53,0.532085,37165,37071,0.5,0.499367,https://www.in.gov/sos/elections/voter-information/files/2016_General_Election_Turnout.pdf
2016,Vermillion,10246,7147,0.7,0.697541,5518,1629,0.23,0.227928,https://www.in.gov/sos/elections/voter-information/files/2016_General_Election_Turnout.pdf
2016,Vigo,79517,40677,0.51,0.511551,16665,24012,0.59,0.590309,https://www.in.gov/sos/elections/voter-information/files/2016_General_Election_Turnout.pdf
2016,Wabash,22833,13817,0.61,0.605133,7920,5897,0.43,0.426793,https://www.in.gov/sos/elections/voter-information/files/2016_General_Election_Turnout.pdf
2016,Warren,6287,4068,0.65,0.647049,2969,1099,0.27,0.270157,https://www.in.gov/sos/elections/voter-information/files/2016_General_Election_Turnout.pdf
2016,Warrick,49679,30513,0.61,0.614203,22575,7938,0.26,0.260151,https://www.in.gov/sos/elections/voter-information/files/2016_General_Election_Turnout.pdf
2016,Washington,19986,11578,0.58,0.579306,9375,2203,0.19,0.190275,https://www.in.gov/sos/elections/voter-information/files/2016_General_Election_Turnout.pdf
2016,Wayne,43365,26389,0.61,0.608532,9975,16414,0.62,0.622002,https://www.in.gov/sos/elections/voter-information/files/2016_General_Election_Turnout.pdf
2016,Wells,19278,13482,0.7,0.699346,5415,8067,0.6,0.598353,https://www.in.gov/sos/elections/voter-information/files/2016_General_Election_Turnout.pdf
2016,White,17356,10359,0.6,0.596854,7280,3079,0.3,0.297229,https://www.in.gov/sos/elections/voter-information/files/2016_General_Election_Turnout.pdf
2016,Whitley,22665,16004,0.71,0.706111,10651,5353,0.33,0.334479,https://www.in.gov/sos/elections/voter-information/files/2016_General_Election_Turnout.pdf
2018,Adams,18777,11333,0.6,0.603558,6650,4683,0.41,0.413218,https://www.in.gov/sos/elections/voter-information/files/2018-General-Election-Turnout-from-the-ENR-page.pdf
2018,Allen,258386,127189,0.49,0.492244,90077,37112,0.29,0.291786,https://www.in.gov/sos/elections/voter-information/files/2018-General-Election-Turnout-from-the-ENR-page.pdf
2018,Bartholomew,50729,26876,0.53,0.529796,15093,11783,0.44,0.438421,https://www.in.gov/sos/elections/voter-information/files/2018-General-Election-Turnout-from-the-ENR-page.pdf
2018,Benton,5786,3026,0.52,0.522987,2314,712,0.24,0.235294,https://www.in.gov/sos/elections/voter-information/files/2018-General-Election-Turnout-from-the-ENR-page.pdf
2018,Blackford,8143,3959,0.49,0.486184,2058,1901,0.48,0.480172,https://www.in.gov/sos/elections/voter-information/files/2018-General-Election-Turnout-from-the-ENR-page.pdf
2018,Boone,49251,27789,0.56,0.564232,12499,15290,0.55,0.550218,https://www.in.gov/sos/elections/voter-information/files/2018-General-Election-Turnout-from-the-ENR-page.pdf
2018,Brown,11953,7340,0.61,0.614072,4506,2834,0.39,0.386104,https://www.in.gov/sos/elections/voter-information/files/2018-General-Election-Turnout-from-the-ENR-page.pdf
2018,Carroll,13245,6977,0.53,0.526765,4171,2806,0.4,0.402179,https://www.in.gov/sos/elections/voter-information/files/2018-General-Election-Turnout-from-the-ENR-page.pdf
2018,Cass,21876,11707,0.54,0.535153,4647,7060,0.6,0.603058,https://www.in.gov/sos/elections/voter-information/files/2018-General-Election-Turnout-from-the-ENR-page.pdf
2018,Clark,89470,49383,0.55,0.55195,40678,8705,0.18,0.176275,https://www.in.gov/sos/elections/voter-information/files/2018-General-Election-Turnout-from-the-ENR-page.pdf
2018,Clay,18544,9433,0.51,0.508682,6134,3299,0.35,0.34973,https://www.in.gov/sos/elections/voter-information/files/2018-General-Election-Turnout-from-the-ENR-page.pdf
2018,Clinton,18904,9359,0.5,0.49508,5571,3788,0.4,0.404744,https://www.in.gov/sos/elections/voter-information/files/2018-General-Election-Turnout-from-the-ENR-page.pdf
2018,Crawford,7707,4073,0.53,0.528481,3279,794,0.19,0.194942,https://www.in.gov/sos/elections/voter-information/files/2018-General-Election-Turnout-from-the-ENR-page.pdf
2018,Daviess,17555,8852,0.5,0.504244,6276,2576,0.29,0.291008,https://www.in.gov/sos/elections/voter-information/files/2018-General-Election-Turnout-from-the-ENR-page.pdf
2018,Dearborn,38789,21059,0.54,0.542912,18393,2666,0.13,0.126597,https://www.in.gov/sos/elections/voter-information/files/2018-General-Election-Turnout-from-the-ENR-page.pdf
2018,Decatur,16420,9134,0.56,0.556273,6463,2671,0.29,0.292424,https://www.in.gov/sos/elections/voter-information/files/2018-General-Election-Turnout-from-the-ENR-page.pdf
2018,DeKalb,28414,14075,0.5,0.495354,9446,4629,0.33,0.328881,https://www.in.gov/sos/elections/voter-information/files/2018-General-Election-Turnout-from-the-ENR-page.pdf
2018,Delaware,80770,38201,0.47,0.47296,29237,8964,0.23,0.234654,https://www.in.gov/sos/elections/voter-information/files/2018-General-Election-Turnout-from-the-ENR-page.pdf
2018,Dubois,29975,17328,0.58,0.578082,8135,9193,0.53,0.530529,https://www.in.gov/sos/elections/voter-information/files/2018-General-Election-Turnout-from-the-ENR-page.pdf
2018,Elkhart,121936,54843,0.45,0.449769,39694,15149,0.28,0.276225,https://www.in.gov/sos/elections/voter-information/files/2018-General-Election-Turnout-from-the-ENR-page.pdf
2018,Fayette,15588,7632,0.49,0.489607,4716,2916,0.38,0.382075,https://www.in.gov/sos/elections/voter-information/files/2018-General-Election-Turnout-from-the-ENR-page.pdf
2018,Floyd,58320,32191,0.55,0.551972,17175,15016,0.47,0.466466,https://www.in.gov/sos/elections/voter-information/files/2018-General-Election-Turnout-from-the-ENR-page.pdf
2018,Fountain,11244,5996,0.53,0.533262,4598,1398,0.23,0.233155,https://www.in.gov/sos/elections/voter-information/files/2018-General-Election-Turnout-from-the-ENR-page.pdf
2018,Franklin,16394,7657,0.47,0.467061,6190,1467,0.19,0.191589,https://www.in.gov/sos/elections/voter-information/files/2018-General-Election-Turnout-from-the-ENR-page.pdf
2018,Fulton,12832,7157,0.56,0.557746,4619,2538,0.35,0.354618,https://www.in.gov/sos/elections/voter-information/files/2018-General-Election-Turnout-from-the-ENR-page.pdf
2018,Gibson,22853,12630,0.55,0.552663,8961,3669,0.29,0.290499,https://www.in.gov/sos/elections/voter-information/files/2018-General-Election-Turnout-from-the-ENR-page.pdf
2018,Grant,44202,20398,0.46,0.461472,14520,5878,0.29,0.288166,https://www.in.gov/sos/elections/voter-information/files/2018-General-Election-Turnout-from-the-ENR-page.pdf
2018,Greene,18903,10942,0.58,0.57885,7572,3370,0.31,0.307988,https://www.in.gov/sos/elections/voter-information/files/2018-General-Election-Turnout-from-the-ENR-page.pdf
2018,Hamilton,237895,138843,0.58,0.583631,96144,42699,0.31,0.307534,https://www.in.gov/sos/elections/voter-information/files/2018-General-Election-Turnout-from-the-ENR-page.pdf
2018,Hancock,54967,30458,0.55,0.554114,17028,13430,0.44,0.440935,https://www.in.gov/sos/elections/voter-information/files/2018-General-Election-Turnout-from-the-ENR-page.pdf
2018,Harrison,28336,15825,0.56,0.558477,12176,3649,0.23,0.230585,https://www.in.gov/sos/elections/voter-information/files/2018-General-Election-Turnout-from-the-ENR-page.pdf
2018,Hendricks,112674,63270,0.56,0.561531,40622,22648,0.36,0.357958,https://www.in.gov/sos/elections/voter-information/files/2018-General-Election-Turnout-from-the-ENR-page.pdf
2018,Henry,30363,19372,0.64,0.638013,15895,3477,0.18,0.179486,https://www.in.gov/sos/elections/voter-information/files/2018-General-Election-Turnout-from-the-ENR-page.pdf
2018,Howard,60119,29730,0.49,0.494519,14918,14812,0.5,0.498217,https://www.in.gov/sos/elections/voter-information/files/2018-General-Election-Turnout-from-the-ENR-page.pdf
2018,Huntington,23982,13371,0.56,0.557543,7547,5824,0.44,0.43557,https://www.in.gov/sos/elections/voter-information/files/2018-General-Election-Turnout-from-the-ENR-page.pdf
2018,Jackson,27976,14828,0.53,0.530026,10238,4590,0.31,0.30955,https://www.in.gov/sos/elections/voter-information/files/2018-General-Election-Turnout-from-the-ENR-page.pdf
2018,Jasper,21557,10798,0.5,0.500905,8851,1947,0.18,0.180311,https://www.in.gov/sos/elections/voter-information/files/2018-General-Election-Turnout-from-the-ENR-page.pdf
2018,Jay,12025,6412,0.53,0.533222,4103,2309,0.36,0.360106,https://www.in.gov/sos/elections/voter-information/files/2018-General-Election-Turnout-from-the-ENR-page.pdf
2018,Jefferson,21272,11508,0.54,0.540993,8332,3176,0.28,0.275982,https://www.in.gov/sos/elections/voter-information/files/2018-General-Election-Turnout-from-the-ENR-page.pdf
2018,Jennings,17946,9309,0.52,0.518723,7127,2182,0.23,0.234397,https://www.in.gov/sos/elections/voter-information/files/2018-General-Election-Turnout-from-the-ENR-page.pdf
2018,Johnson,103953,52220,0.5,0.502342,27998,24222,0.46,0.463845,https://www.in.gov/sos/elections/voter-information/files/2018-General-Election-Turnout-from-the-ENR-page.pdf
2018,Knox,24333,12875,0.53,0.529117,9303,3572,0.28,0.277437,https://www.in.gov/sos/elections/voter-information/files/2018-General-Election-Turnout-from-the-ENR-page.pdf
2018,Kosciusko,51370,26588,0.52,0.517578,21848,4740,0.18,0.178276,https://www.in.gov/sos/elections/voter-information/files/2018-General-Election-Turnout-from-the-ENR-page.pdf
2018,LaGrange,15453,8966,0.58,0.580211,7765,1201,0.13,0.13395,https://www.in.gov/sos/elections/voter-information/files/2018-General-Election-Turnout-from-the-ENR-page.pdf
2018,Lake,352355,165140,0.47,0.468675,115910,49230,0.3,0.298111,https://www.in.gov/sos/elections/voter-information/files/2018-General-Election-Turnout-from-the-ENR-page.pdf
2018,La Porte,77118,37790,0.49,0.490028,27722,10068,0.27,0.26642,https://www.in.gov/sos/elections/voter-information/files/2018-General-Election-Turnout-from-the-ENR-page.pdf
2018,Lawrence,30766,15724,0.51,0.511084,8878,6846,0.44,0.435385,https://www.in.gov/sos/elections/voter-information/files/2018-General-Election-Turnout-from-the-ENR-page.pdf
2018,Madison,90939,40177,0.44,0.441802,36081,4096,0.1,0.101949,https://www.in.gov/sos/elections/voter-information/files/2018-General-Election-Turnout-from-the-ENR-page.pdf
2018,Marion,647977,309620,0.48,0.477826,225473,84147,0.27,0.271775,https://www.in.gov/sos/elections/voter-information/files/2018-General-Election-Turnout-from-the-ENR-page.pdf
2018,Marshall,28237,15081,0.53,0.534086,10336,4745,0.31,0.314634,https://www.in.gov/sos/elections/voter-information/files/2018-General-Election-Turnout-from-the-ENR-page.pdf
2018,Martin,7470,4438,0.59,0.59411,3139,1299,0.29,0.292699,https://www.in.gov/sos/elections/voter-information/files/2018-General-Election-Turnout-from-the-ENR-page.pdf
2018,Miami,20230,10513,0.52,0.519674,4850,5663,0.54,0.538666,https://www.in.gov/sos/elections/voter-information/files/2018-General-Election-Turnout-from-the-ENR-page.pdf
2018,Monroe,97210,52343,0.54,0.538453,27359,24984,0.48,0.477313,https://www.in.gov/sos/elections/voter-information/files/2018-General-Election-Turnout-from-the-ENR-page.pdf
2018,Montgomery,23174,12700,0.55,0.548028,6213,6487,0.51,0.510787,https://www.in.gov/sos/elections/voter-information/files/2018-General-Election-Turnout-from-the-ENR-page.pdf
2018,Morgan,48280,25480,0.53,0.527755,13061,12419,0.49,0.487402,https://www.in.gov/sos/elections/voter-information/files/2018-General-Election-Turnout-from-the-ENR-page.pdf
2018,Newton,10197,4690,0.46,0.459939,4041,649,0.14,0.13838,https://www.in.gov/sos/elections/voter-information/files/2018-General-Election-Turnout-from-the-ENR-page.pdf
2018,Noble,28835,13904,0.48,0.482192,8811,5093,0.37,0.366297,https://www.in.gov/sos/elections/voter-information/files/2018-General-Election-Turnout-from-the-ENR-page.pdf
2018,Ohio,4705,2483,0.53,0.527736,1595,888,0.36,0.357632,https://www.in.gov/sos/elections/voter-information/files/2018-General-Election-Turnout-from-the-ENR-page.pdf
2018,Orange,13508,6933,0.51,0.513251,5490,1443,0.21,0.208135,https://www.in.gov/sos/elections/voter-information/files/2018-General-Election-Turnout-from-the-ENR-page.pdf
2018,Owen,13681,7325,0.54,0.535414,4301,3024,0.41,0.412833,https://www.in.gov/sos/elections/voter-information/files/2018-General-Election-Turnout-from-the-ENR-page.pdf
2018,Parke,10246,5464,0.53,0.533281,3959,1505,0.28,0.275439,https://www.in.gov/sos/elections/voter-information/files/2018-General-Election-Turnout-from-the-ENR-page.pdf
2018,Perry,12322,7319,0.59,0.593978,4123,3196,0.44,0.436672,https://www.in.gov/sos/elections/voter-information/files/2018-General-Election-Turnout-from-the-ENR-page.pdf
2018,Pike,8987,5292,0.59,0.588851,3474,1818,0.34,0.343537,https://www.in.gov/sos/elections/voter-information/files/2018-General-Election-Turnout-from-the-ENR-page.pdf
2018,Porter,123529,65449,0.53,0.529827,46887,18562,0.28,0.28361,https://www.in.gov/sos/elections/voter-information/files/2018-General-Election-Turnout-from-the-ENR-page.pdf
2018,Posey,18113,10816,0.6,0.59714,7494,3322,0.31,0.307138,https://www.in.gov/sos/elections/voter-information/files/2018-General-Election-Turnout-from-the-ENR-page.pdf
2018,Pulaski,8781,4439,0.51,0.505523,2971,1468,0.33,0.330705,https://www.in.gov/sos/elections/voter-information/files/2018-General-Election-Turnout-from-the-ENR-page.pdf
2018,Putnam,23732,12035,0.51,0.507121,7976,4059,0.34,0.337266,https://www.in.gov/sos/elections/voter-information/files/2018-General-Election-Turnout-from-the-ENR-page.pdf
2018,Randolph,16485,8247,0.5,0.500273,6094,2153,0.26,0.261065,https://www.in.gov/sos/elections/voter-information/files/2018-General-Election-Turnout-from-the-ENR-page.pdf
2018,Ripley,20593,11296,0.55,0.548536,9638,1658,0.15,0.146778,https://www.in.gov/sos/elections/voter-information/files/2018-General-Election-Turnout-from-the-ENR-page.pdf
2018,Rush,10784,6189,0.57,0.573906,4657,1532,0.25,0.247536,https://www.in.gov/sos/elections/voter-information/files/2018-General-Election-Turnout-from-the-ENR-page.pdf
2018,Scott,16949,7920,0.47,0.467284,5827,2093,0.26,0.264268,https://www.in.gov/sos/elections/voter-information/files/2018-General-Election-Turnout-from-the-ENR-page.pdf
2018,Shelby,28369,14610,0.51,0.514999,10548,4062,0.28,0.278029,https://www.in.gov/sos/elections/voter-information/files/2018-General-Election-Turnout-from-the-ENR-page.pdf
2018,Spencer,14675,9032,0.62,0.615468,5890,3142,0.35,0.347874,https://www.in.gov/sos/elections/voter-information/files/2018-General-Election-Turnout-from-the-ENR-page.pdf
2018,St. Joseph,193482,94199,0.49,0.486862,71678,22521,0.24,0.239079,https://www.in.gov/sos/elections/voter-information/files/2018-General-Election-Turnout-from-the-ENR-page.pdf
2018,Starke,16648,7763,0.47,0.466302,5582,2181,0.28,0.280948,https://www.in.gov/sos/elections/voter-information/files/2018-General-Election-Turnout-from-the-ENR-page.pdf
2018,Steuben,22865,12382,0.54,0.541526,9106,3276,0.26,0.264578,https://www.in.gov/sos/elections/voter-information/files/2018-General-Election-Turnout-from-the-ENR-page.pdf
2018,Sullivan,13678,7613,0.56,0.556587,5558,2055,0.27,0.269933,https://www.in.gov/sos/elections/voter-information/files/2018-General-Election-Turnout-from-the-ENR-page.pdf
2018,Switzerland,6727,3076,0.46,0.457262,964,2112,0.69,0.686606,https://www.in.gov/sos/elections/voter-information/files/2018-General-Election-Turnout-from-the-ENR-page.pdf
2018,Tippecanoe,110712,52070,0.47,0.470319,26062,26008,0.5,0.499481,https://www.in.gov/sos/elections/voter-information/files/2018-General-Election-Turnout-from-the-ENR-page.pdf
2018,Tipton,11047,6231,0.56,0.564045,4757,1474,0.24,0.236559,https://www.in.gov/sos/elections/voter-information/files/2018-General-Election-Turnout-from-the-ENR-page.pdf
2018,Union,5256,2547,0.48,0.484589,1861,686,0.27,0.269336,https://www.in.gov/sos/elections/voter-information/files/2018-General-Election-Turnout-from-the-ENR-page.pdf
2018,Vanderburgh,115553,59028,0.51,0.510831,30763,28265,0.48,0.478841,https://www.in.gov/sos/elections/voter-information/files/2018-General-Election-Turnout-from-the-ENR-page.pdf
2018,Vermillion,9718,5680,0.58,0.584482,4412,1268,0.22,0.223239,https://www.in.gov/sos/elections/voter-information/files/2018-General-Election-Turnout-from-the-ENR-page.pdf
2018,Vigo,72982,32230,0.44,0.441616,16149,16081,0.5,0.498945,https://www.in.gov/sos/elections/voter-information/files/2018-General-Election-Turnout-from-the-ENR-page.pdf
2018,Wabash,20604,11513,0.56,0.558775,6792,4721,0.41,0.410058,https://www.in.gov/sos/elections/voter-information/files/2018-General-Election-Turnout-from-the-ENR-page.pdf
2018,Warren,6126,3352,0.55,0.547176,2413,939,0.28,0.280131,https://www.in.gov/sos/elections/voter-information/files/2018-General-Election-Turnout-from-the-ENR-page.pdf
2018,Warrick,45128,24641,0.55,0.546025,18453,6188,0.25,0.251126,https://www.in.gov/sos/elections/voter-information/files/2018-General-Election-Turnout-from-the-ENR-page.pdf
2018,Washington,18609,9543,0.51,0.512816,7785,1758,0.18,0.184219,https://www.in.gov/sos/elections/voter-information/files/2018-General-Election-Turnout-from-the-ENR-page.pdf
2018,Wayne,41114,20146,0.49,0.490003,9270,10876,0.54,0.539859,https://www.in.gov/sos/elections/voter-information/files/2018-General-Election-Turnout-from-the-ENR-page.pdf
2018,Wells,18379,11035,0.6,0.600414,6499,4536,0.41,0.411056,https://www.in.gov/sos/elections/voter-information/files/2018-General-Election-Turnout-from-the-ENR-page.pdf
2018,White,16002,8330,0.52,0.52056,6103,2227,0.27,0.267347,https://www.in.gov/sos/elections/voter-information/files/2018-General-Election-Turnout-from-the-ENR-page.pdf
2018,Whitley,22599,13518,0.6,0.598168,9580,3938,0.29,0.291315,https://www.in.gov/sos/elections/voter-information/files/2018-General-Election-Turnout-from-the-ENR-page.pdf
2020,Adams,19780,14385,0.73,0.72725,5140,9245,0.64,0.642683,https://www.in.gov/sos/elections/voter-information/files/Election_Turnout_and_Registration_20201202_052923PM.pdf
2020,Allen,267870,171079,0.64,0.638664,64541,106538,0.62,0.622742,https://www.in.gov/sos/elections/voter-information/files/Election_Turnout_and_Registration_20201202_052923PM.pdf
2020,Bartholomew,53417,36674,0.69,0.68656,9107,27567,0.75,0.751677,https://www.in.gov/sos/elections/voter-information/files/Election_Turnout_and_Registration_20201202_052923PM.pdf
2020,Benton,6015,4166,0.69,0.692602,2451,1715,0.41,0.411666,https://www.in.gov/sos/elections/voter-information/files/Election_Turnout_and_Registration_20201202_052923PM.pdf
2020,Blackford,8213,5408,0.66,0.658468,1667,3741,0.69,0.691753,https://www.in.gov/sos/elections/voter-information/files/Election_Turnout_and_Registration_20201202_052923PM.pdf
2020,Boone,53840,38992,0.72,0.72422,6271,32721,0.84,0.839172,https://www.in.gov/sos/elections/voter-information/files/Election_Turnout_and_Registration_20201202_052923PM.pdf
2020,Brown,12622,8991,0.71,0.712328,3154,5837,0.65,0.649205,https://www.in.gov/sos/elections/voter-information/files/Election_Turnout_and_Registration_20201202_052923PM.pdf
2020,Carroll,14009,9689,0.69,0.691627,3242,6447,0.67,0.665394,https://www.in.gov/sos/elections/voter-information/files/Election_Turnout_and_Registration_20201202_052923PM.pdf
2020,Cass,22589,15302,0.68,0.677409,3523,11779,0.77,0.769769,https://www.in.gov/sos/elections/voter-information/files/Election_Turnout_and_Registration_20201202_052923PM.pdf
2020,Clark,94856,58298,0.61,0.614595,29632,28666,0.49,0.491715,https://www.in.gov/sos/elections/voter-information/files/Election_Turnout_and_Registration_20201202_052923PM.pdf
2020,Clay,18717,12387,0.66,0.661805,5735,6652,0.54,0.537015,https://www.in.gov/sos/elections/voter-information/files/Election_Turnout_and_Registration_20201202_052923PM.pdf
2020,Clinton,20140,13199,0.66,0.655362,4035,9164,0.69,0.694295,https://www.in.gov/sos/elections/voter-information/files/Election_Turnout_and_Registration_20201202_052923PM.pdf
2020,Crawford,7855,5032,0.64,0.640611,3063,1924,0.38,0.382353,https://www.in.gov/sos/elections/voter-information/files/Election_Turnout_and_Registration_20201202_052923PM.pdf
2020,Daviess,17927,12097,0.67,0.674792,5708,6389,0.53,0.528147,https://www.in.gov/sos/elections/voter-information/files/Election_Turnout_and_Registration_20201202_052923PM.pdf
2020,Dearborn,39758,25712,0.65,0.646713,14944,10768,0.42,0.418793,https://www.in.gov/sos/elections/voter-information/files/Election_Turnout_and_Registration_20201202_052923PM.pdf
2020,Decatur,17451,12421,0.71,0.711764,5902,6519,0.52,0.524837,https://www.in.gov/sos/elections/voter-information/files/Election_Turnout_and_Registration_20201202_052923PM.pdf
2020,DeKalb,29438,19817,0.67,0.673178,7014,12803,0.65,0.646061,https://www.in.gov/sos/elections/voter-information/files/Election_Turnout_and_Registration_20201202_052923PM.pdf
2020,Delaware,83661,48269,0.58,0.576959,28184,20085,0.42,0.416106,https://www.in.gov/sos/elections/voter-information/files/Election_Turnout_and_Registration_20201202_052923PM.pdf
2020,Dubois,30849,22101,0.72,0.716425,5416,16685,0.75,0.754943,https://www.in.gov/sos/elections/voter-information/files/Election_Turnout_and_Registration_20201202_052923PM.pdf
2020,Elkhart,125927,75405,0.6,0.598799,30908,44497,0.59,0.590107,https://www.in.gov/sos/elections/voter-information/files/Election_Turnout_and_Registration_20201202_052923PM.pdf
2020,Fayette,16343,10243,0.63,0.626752,4750,5493,0.54,0.536269,https://www.in.gov/sos/elections/voter-information/files/Election_Turnout_and_Registration_20201202_052923PM.pdf
2020,Floyd,62222,42121,0.68,0.676947,8657,33464,0.79,0.794473,https://www.in.gov/sos/elections/voter-information/files/Election_Turnout_and_Registration_20201202_052923PM.pdf
2020,Fountain,11630,8122,0.7,0.698366,4540,3582,0.44,0.441024,https://www.in.gov/sos/elections/voter-information/files/Election_Turnout_and_Registration_20201202_052923PM.pdf
2020,Franklin,17299,12148,0.7,0.702237,7269,4879,0.4,0.40163,https://www.in.gov/sos/elections/voter-information/files/Election_Turnout_and_Registration_20201202_052923PM.pdf
2020,Fulton,13255,9208,0.69,0.694681,4264,4944,0.54,0.536924,https://www.in.gov/sos/elections/voter-information/files/Election_Turnout_and_Registration_20201202_052923PM.pdf
2020,Gibson,23561,16335,0.69,0.693307,8237,8098,0.5,0.495745,https://www.in.gov/sos/elections/voter-information/files/Election_Turnout_and_Registration_20201202_052923PM.pdf
2020,Grant,45509,27519,0.6,0.604694,12681,14838,0.54,0.539191,https://www.in.gov/sos/elections/voter-information/files/Election_Turnout_and_Registration_20201202_052923PM.pdf
2020,Greene,20365,15001,0.74,0.736607,6889,8112,0.54,0.540764,https://www.in.gov/sos/elections/voter-information/files/Election_Turnout_and_Registration_20201202_052923PM.pdf
2020,Hamilton,260082,195988,0.75,0.753562,53147,142841,0.73,0.728825,https://www.in.gov/sos/elections/voter-information/files/Election_Turnout_and_Registration_20201202_052923PM.pdf
2020,Hancock,58438,43244,0.74,0.739998,7585,35659,0.82,0.8246,https://www.in.gov/sos/elections/voter-information/files/Election_Turnout_and_Registration_20201202_052923PM.pdf
2020,Harrison,29654,20445,0.69,0.689452,12081,8364,0.41,0.409098,https://www.in.gov/sos/elections/voter-information/files/Election_Turnout_and_Registration_20201202_052923PM.pdf
2020,Hendricks,124726,89397,0.72,0.716747,28858,60539,0.68,0.677193,https://www.in.gov/sos/elections/voter-information/files/Election_Turnout_and_Registration_20201202_052923PM.pdf
2020,Henry,31081,21272,0.68,0.684405,11343,9929,0.47,0.466764,https://www.in.gov/sos/elections/voter-information/files/Election_Turnout_and_Registration_20201202_052923PM.pdf
2020,Howard,60903,41039,0.67,0.673842,10746,30293,0.74,0.738152,https://www.in.gov/sos/elections/voter-information/files/Election_Turnout_and_Registration_20201202_052923PM.pdf
2020,Huntington,25378,18023,0.71,0.710182,5257,12766,0.71,0.708317,https://www.in.gov/sos/elections/voter-information/files/Election_Turnout_and_Registration_20201202_052923PM.pdf
2020,Jackson,28642,19422,0.68,0.678095,9223,10199,0.53,0.525126,https://www.in.gov/sos/elections/voter-information/files/Election_Turnout_and_Registration_20201202_052923PM.pdf
2020,Jasper,22800,15683,0.69,0.687851,7915,7768,0.5,0.495313,https://www.in.gov/sos/elections/voter-information/files/Election_Turnout_and_Registration_20201202_052923PM.pdf
2020,Jay,12534,8543,0.68,0.681586,3509,5034,0.59,0.589254,https://www.in.gov/sos/elections/voter-information/files/Election_Turnout_and_Registration_20201202_052923PM.pdf
2020,Jefferson,22196,14865,0.67,0.669715,6940,7925,0.53,0.533132,https://www.in.gov/sos/elections/voter-information/files/Election_Turnout_and_Registration_20201202_052923PM.pdf
2020,Jennings,18540,12347,0.67,0.665965,7123,5224,0.42,0.423099,https://www.in.gov/sos/elections/voter-information/files/Election_Turnout_and_Registration_20201202_052923PM.pdf
2020,Johnson,111428,78343,0.7,0.703082,16629,61714,0.79,0.787741,https://www.in.gov/sos/elections/voter-information/files/Election_Turnout_and_Registration_20201202_052923PM.pdf
2020,Knox,24681,16195,0.66,0.656173,8102,8093,0.5,0.499722,https://www.in.gov/sos/elections/voter-information/files/Election_Turnout_and_Registration_20201202_052923PM.pdf
2020,Kosciusko,54489,36201,0.66,0.664373,20473,15728,0.43,0.434463,https://www.in.gov/sos/elections/voter-information/files/Election_Turnout_and_Registration_20201202_052923PM.pdf
2020,LaGrange,16402,10765,0.66,0.656322,6584,4181,0.39,0.388388,https://www.in.gov/sos/elections/voter-information/files/Election_Turnout_and_Registration_20201202_052923PM.pdf
2020,Lake,370849,222982,0.6,0.601274,93431,129551,0.58,0.580993,https://www.in.gov/sos/elections/voter-information/files/Election_Turnout_and_Registration_20201202_052923PM.pdf
2020,La Porte,79763,49945,0.63,0.626168,23883,26062,0.52,0.521814,https://www.in.gov/sos/elections/voter-information/files/Election_Turnout_and_Registration_20201202_052923PM.pdf
2020,Lawrence,32555,21320,0.65,0.654892,6369,14951,0.7,0.701266,https://www.in.gov/sos/elections/voter-information/files/Election_Turnout_and_Registration_20201202_052923PM.pdf
2020,Madison,91258,52673,0.58,0.577188,29156,23517,0.45,0.446472,https://www.in.gov/sos/elections/voter-information/files/Election_Turnout_and_Registration_20201202_052923PM.pdf
2020,Marion,670086,394554,0.59,0.588811,178623,215931,0.55,0.547279,https://www.in.gov/sos/elections/voter-information/files/Election_Turnout_and_Registration_20201202_052923PM.pdf
2020,Marshall,29629,20143,0.68,0.679841,10016,10127,0.5,0.502755,https://www.in.gov/sos/elections/voter-information/files/Election_Turnout_and_Registration_20201202_052923PM.pdf
2020,Martin,7663,5195,0.68,0.677933,3053,2142,0.41,0.41232,https://www.in.gov/sos/elections/voter-information/files/Election_Turnout_and_Registration_20201202_052923PM.pdf
2020,Miami,22424,14598,0.65,0.650999,3804,10794,0.74,0.739416,https://www.in.gov/sos/elections/voter-information/files/Election_Turnout_and_Registration_20201202_052923PM.pdf
2020,Monroe,100528,63632,0.63,0.632978,25887,37745,0.59,0.593176,https://www.in.gov/sos/elections/voter-information/files/Election_Turnout_and_Registration_20201202_052923PM.pdf
2020,Montgomery,25157,17393,0.69,0.691378,3424,13969,0.8,0.803139,https://www.in.gov/sos/elections/voter-information/files/Election_Turnout_and_Registration_20201202_052923PM.pdf
2020,Morgan,52421,36532,0.7,0.696896,7660,28872,0.79,0.790321,https://www.in.gov/sos/elections/voter-information/files/Election_Turnout_and_Registration_20201202_052923PM.pdf
2020,Newton,10250,6651,0.65,0.648878,4805,1846,0.28,0.277552,https://www.in.gov/sos/elections/voter-information/files/Election_Turnout_and_Registration_20201202_052923PM.pdf
2020,Noble,29845,19413,0.65,0.650461,7428,11985,0.62,0.61737,https://www.in.gov/sos/elections/voter-information/files/Election_Turnout_and_Registration_20201202_052923PM.pdf
2020,Ohio,4936,3181,0.64,0.644449,1438,1743,0.55,0.547941,https://www.in.gov/sos/elections/voter-information/files/Election_Turnout_and_Registration_20201202_052923PM.pdf
2020,Orange,13784,8976,0.65,0.65119,5129,3847,0.43,0.428587,https://www.in.gov/sos/elections/voter-information/files/Election_Turnout_and_Registration_20201202_052923PM.pdf
2020,Owen,14627,10030,0.69,0.685718,3661,6369,0.63,0.634995,https://www.in.gov/sos/elections/voter-information/files/Election_Turnout_and_Registration_20201202_052923PM.pdf
2020,Parke,10583,7115,0.67,0.672305,3640,3475,0.49,0.488405,https://www.in.gov/sos/elections/voter-information/files/Election_Turnout_and_Registration_20201202_052923PM.pdf
2020,Perry,12825,8864,0.69,0.69115,2964,5900,0.67,0.665614,https://www.in.gov/sos/elections/voter-information/files/Election_Turnout_and_Registration_20201202_052923PM.pdf
2020,Pike,9040,6304,0.7,0.697345,2523,3781,0.6,0.599778,https://www.in.gov/sos/elections/voter-information/files/Election_Turnout_and_Registration_20201202_052923PM.pdf
2020,Porter,132035,87833,0.67,0.665225,37556,50277,0.57,0.572416,https://www.in.gov/sos/elections/voter-information/files/Election_Turnout_and_Registration_20201202_052923PM.pdf
2020,Posey,18308,13363,0.73,0.729899,5294,8069,0.6,0.603831,https://www.in.gov/sos/elections/voter-information/files/Election_Turnout_and_Registration_20201202_052923PM.pdf
2020,Pulaski,8988,5909,0.66,0.657432,2698,3211,0.54,0.543408,https://www.in.gov/sos/elections/voter-information/files/Election_Turnout_and_Registration_20201202_052923PM.pdf
2020,Putnam,24823,16746,0.67,0.674616,6236,10510,0.63,0.627613,https://www.in.gov/sos/elections/voter-information/files/Election_Turnout_and_Registration_20201202_052923PM.pdf
2020,Randolph,16825,11213,0.67,0.666449,4957,6256,0.56,0.557924,https://www.in.gov/sos/elections/voter-information/files/Election_Turnout_and_Registration_20201202_052923PM.pdf
2020,Ripley,21040,14446,0.69,0.686597,9034,5412,0.37,0.374637,https://www.in.gov/sos/elections/voter-information/files/Election_Turnout_and_Registration_20201202_052923PM.pdf
2020,Rush,11228,8016,0.71,0.713929,4033,3983,0.5,0.496881,https://www.in.gov/sos/elections/voter-information/files/Election_Turnout_and_Registration_20201202_052923PM.pdf
2020,Scott,17184,10327,0.6,0.600966,4422,5905,0.57,0.571802,https://www.in.gov/sos/elections/voter-information/files/Election_Turnout_and_Registration_20201202_052923PM.pdf
2020,Shelby,30314,20221,0.67,0.667052,8667,11554,0.57,0.571386,https://www.in.gov/sos/elections/voter-information/files/Election_Turnout_and_Registration_20201202_052923PM.pdf
2020,Spencer,15240,10915,0.72,0.716207,4050,6865,0.63,0.628951,https://www.in.gov/sos/elections/voter-information/files/Election_Turnout_and_Registration_20201202_052923PM.pdf
2020,St. Joseph,197179,116688,0.59,0.591787,58287,58401,0.5,0.500488,https://www.in.gov/sos/elections/voter-information/files/Election_Turnout_and_Registration_20201202_052923PM.pdf
2020,Starke,17225,10448,0.61,0.60656,5254,5194,0.5,0.497129,https://www.in.gov/sos/elections/voter-information/files/Election_Turnout_and_Registration_20201202_052923PM.pdf
2020,Steuben,24645,16396,0.67,0.665287,8024,8372,0.51,0.510612,https://www.in.gov/sos/elections/voter-information/files/Election_Turnout_and_Registration_20201202_052923PM.pdf
2020,Sullivan,14059,9107,0.65,0.64777,5663,3444,0.38,0.378171,https://www.in.gov/sos/elections/voter-information/files/Election_Turnout_and_Registration_20201202_052923PM.pdf
2020,Switzerland,7049,4232,0.6,0.600369,939,3293,0.78,0.778119,https://www.in.gov/sos/elections/voter-information/files/Election_Turnout_and_Registration_20201202_052923PM.pdf
2020,Tippecanoe,119355,72468,0.61,0.607164,17968,54500,0.75,0.752056,https://www.in.gov/sos/elections/voter-information/files/Election_Turnout_and_Registration_20201202_052923PM.pdf
2020,Tipton,11656,8218,0.71,0.705045,4486,3732,0.45,0.454125,https://www.in.gov/sos/elections/voter-information/files/Election_Turnout_and_Registration_20201202_052923PM.pdf
2020,Union,5273,3521,0.67,0.667741,1224,2297,0.65,0.652371,https://www.in.gov/sos/elections/voter-information/files/Election_Turnout_and_Registration_20201202_052923PM.pdf
2020,Vanderburgh,130933,78718,0.6,0.601208,24050,54668,0.69,0.694479,https://www.in.gov/sos/elections/voter-information/files/Election_Turnout_and_Registration_20201202_052923PM.pdf
2020,Vermillion,10386,7579,0.73,0.729732,4179,3400,0.45,0.448608,https://www.in.gov/sos/elections/voter-information/files/Election_Turnout_and_Registration_20201202_052923PM.pdf
2020,Vigo,73418,43928,0.6,0.598327,9020,34908,0.79,0.794664,https://www.in.gov/sos/elections/voter-information/files/Election_Turnout_and_Registration_20201202_052923PM.pdf
2020,Wabash,21337,14764,0.69,0.691944,4197,10567,0.72,0.715727,https://www.in.gov/sos/elections/voter-information/files/Election_Turnout_and_Registration_20201202_052923PM.pdf
2020,Warren,6300,4528,0.72,0.71873,2486,2042,0.45,0.450972,https://www.in.gov/sos/elections/voter-information/files/Election_Turnout_and_Registration_20201202_052923PM.pdf
2020,Warrick,48001,34152,0.71,0.711485,9183,24969,0.73,0.731114,https://www.in.gov/sos/elections/voter-information/files/Election_Turnout_and_Registration_20201202_052923PM.pdf
2020,Washington,19424,12233,0.63,0.629788,7002,5231,0.43,0.427614,https://www.in.gov/sos/elections/voter-information/files/Election_Turnout_and_Registration_20201202_052923PM.pdf
2020,Wayne,44057,28041,0.64,0.636471,6307,21734,0.78,0.775079,https://www.in.gov/sos/elections/voter-information/files/Election_Turnout_and_Registration_20201202_052923PM.pdf
2020,Wells,19010,14220,0.75,0.748027,4505,9715,0.68,0.683193,https://www.in.gov/sos/elections/voter-information/files/Election_Turnout_and_Registration_20201202_052923PM.pdf
2020,White,16901,11299,0.67,0.66854,3387,7912,0.7,0.700239,https://www.in.gov/sos/elections/voter-information/files/Election_Turnout_and_Registration_20201202_052923PM.pdf
2020,Whitley,23862,17702,0.74,0.741849,8562,9140,0.52,0.516326,https://www.in.gov/sos/elections/voter-information/files/Election_Turnout_and_Registration_20201202_052923PM.pdf
2022,Adams,20039,9076,0.45,0.452917,5558,3518,0.39,0.387616,https://www.in.gov/sos/elections/voter-information/files/Election_Turnout_and_Registration-2022-General.pdf
2022,Allen,270041,102933,0.38,0.381175,66669,36264,0.35,0.352307,https://www.in.gov/sos/elections/voter-information/files/Election_Turnout_and_Registration-2022-General.pdf
2022,Bartholomew,53498,22805,0.43,0.426278,11966,10839,0.48,0.475291,https://www.in.gov/sos/elections/voter-information/files/Election_Turnout_and_Registration-2022-General.pdf
2022,Benton,6069,2506,0.41,0.412918,1989,517,0.21,0.206305,https://www.in.gov/sos/elections/voter-information/files/Election_Turnout_and_Registration-2022-General.pdf
2022,Blackford,8241,3491,0.42,0.423614,1841,1650,0.47,0.472644,https://www.in.gov/sos/elections/voter-information/files/Election_Turnout_and_Registration-2022-General.pdf
2022,Boone,56847,25098,0.44,0.441501,12220,12878,0.51,0.513109,https://www.in.gov/sos/elections/voter-information/files/Election_Turnout_and_Registration-2022-General.pdf
2022,Brown,12907,6128,0.47,0.474781,4132,2420,0.39,0.394909,https://www.in.gov/sos/elections/voter-information/files/Election_Turnout_and_Registration-2022-General.pdf
2022,Carroll,14303,6299,0.44,0.440397,3807,2492,0.4,0.395618,https://www.in.gov/sos/elections/voter-information/files/Election_Turnout_and_Registration-2022-General.pdf
2022,Cass,22555,8684,0.39,0.385014,4034,4650,0.54,0.535468,https://www.in.gov/sos/elections/voter-information/files/Election_Turnout_and_Registration-2022-General.pdf
2022,Clark,98877,36846,0.37,0.372645,29410,7436,0.2,0.201813,https://www.in.gov/sos/elections/voter-information/files/Election_Turnout_and_Registration-2022-General.pdf
2022,Clay,18884,7782,0.41,0.412095,5372,2410,0.31,0.309689,https://www.in.gov/sos/elections/voter-information/files/Election_Turnout_and_Registration-2022-General.pdf
2022,Clinton,20373,7439,0.37,0.36514,4672,2767,0.37,0.371959,https://www.in.gov/sos/elections/voter-information/files/Election_Turnout_and_Registration-2022-General.pdf
2022,Crawford,7573,3855,0.51,0.509045,3051,804,0.21,0.20856,https://www.in.gov/sos/elections/voter-information/files/Election_Turnout_and_Registration-2022-General.pdf
2022,Daviess,17898,7129,0.4,0.398313,5075,2054,0.29,0.288119,https://www.in.gov/sos/elections/voter-information/files/Election_Turnout_and_Registration-2022-General.pdf
2022,Dearborn,39894,14411,0.36,0.361232,11476,2935,0.2,0.203664,https://www.in.gov/sos/elections/voter-information/files/Election_Turnout_and_Registration-2022-General.pdf
2022,Decatur,17188,2956,0.17,0.17198,3715,4357,1.47,1.473951,https://www.in.gov/sos/elections/voter-information/files/Election_Turnout_and_Registration-2022-General.pdf
2022,DeKalb,29642,11871,0.4,0.400479,7119,4752,0.4,0.400303,https://www.in.gov/sos/elections/voter-information/files/Election_Turnout_and_Registration-2022-General.pdf
2022,Delaware,78698,30579,0.39,0.388561,22903,7676,0.25,0.251022,https://www.in.gov/sos/elections/voter-information/files/Election_Turnout_and_Registration-2022-General.pdf
2022,Dubois,30429,14028,0.46,0.461008,7383,6645,0.47,0.473695,https://www.in.gov/sos/elections/voter-information/files/Election_Turnout_and_Registration-2022-General.pdf
2022,Elkhart,126855,45644,0.36,0.359812,32909,12735,0.28,0.279007,https://www.in.gov/sos/elections/voter-information/files/Election_Turnout_and_Registration-2022-General.pdf
2022,Fayette,16580,6316,0.38,0.380941,4098,2218,0.35,0.351172,https://www.in.gov/sos/elections/voter-information/files/Election_Turnout_and_Registration-2022-General.pdf
2022,Floyd,55091,27245,0.49,0.494545,12577,14668,0.54,0.538374,https://www.in.gov/sos/elections/voter-information/files/Election_Turnout_and_Registration-2022-General.pdf
2022,Fountain,11949,5043,0.42,0.422044,3893,1150,0.23,0.228039,https://www.in.gov/sos/elections/voter-information/files/Election_Turnout_and_Registration-2022-General.pdf
2022,Franklin,17101,7566,0.44,0.44243,5991,1575,0.21,0.208168,https://www.in.gov/sos/elections/voter-information/files/Election_Turnout_and_Registration-2022-General.pdf
2022,Fulton,13297,5572,0.42,0.419042,3329,2243,0.4,0.402548,https://www.in.gov/sos/elections/voter-information/files/Election_Turnout_and_Registration-2022-General.pdf
2022,Gibson,24237,10330,0.43,0.426208,7517,2813,0.27,0.272314,https://www.in.gov/sos/elections/voter-information/files/Election_Turnout_and_Registration-2022-General.pdf
2022,Grant,44071,16045,0.36,0.364072,11115,4930,0.31,0.307261,https://www.in.gov/sos/elections/voter-information/files/Election_Turnout_and_Registration-2022-General.pdf
2022,Greene,21167,9587,0.45,0.452922,6578,3009,0.31,0.313863,https://www.in.gov/sos/elections/voter-information/files/Election_Turnout_and_Registration-2022-General.pdf
2022,Hamilton,270921,130355,0.48,0.481155,77171,53184,0.41,0.407994,https://www.in.gov/sos/elections/voter-information/files/Election_Turnout_and_Registration-2022-General.pdf
2022,Hancock,61136,24092,0.39,0.394072,11175,12917,0.54,0.536153,https://www.in.gov/sos/elections/voter-information/files/Election_Turnout_and_Registration-2022-General.pdf
2022,Harrison,29689,14108,0.48,0.475193,10771,3337,0.24,0.236532,https://www.in.gov/sos/elections/voter-information/files/Election_Turnout_and_Registration-2022-General.pdf
2022,Hendricks,126714,49012,0.39,0.386792,29925,19087,0.39,0.389435,https://www.in.gov/sos/elections/voter-information/files/Election_Turnout_and_Registration-2022-General.pdf
2022,Henry,31198,13674,0.44,0.438297,10342,3332,0.24,0.243674,https://www.in.gov/sos/elections/voter-information/files/Election_Turnout_and_Registration-2022-General.pdf
2022,Howard,60977,25096,0.41,0.411565,14992,10104,0.4,0.402614,https://www.in.gov/sos/elections/voter-information/files/Election_Turnout_and_Registration-2022-General.pdf
2022,Huntington,24315,11489,0.47,0.472507,6579,4910,0.43,0.427365,https://www.in.gov/sos/elections/voter-information/files/Election_Turnout_and_Registration-2022-General.pdf
2022,Jackson,28446,11412,0.4,0.401181,7616,3796,0.33,0.332632,https://www.in.gov/sos/elections/voter-information/files/Election_Turnout_and_Registration-2022-General.pdf
2022,Jasper,23057,9403,0.41,0.407815,6981,2422,0.26,0.257577,https://www.in.gov/sos/elections/voter-information/files/Election_Turnout_and_Registration-2022-General.pdf
2022,Jay,12200,5520,0.45,0.452459,3304,2216,0.4,0.401449,https://www.in.gov/sos/elections/voter-information/files/Election_Turnout_and_Registration-2022-General.pdf
2022,Jefferson,22059,10004,0.45,0.453511,6705,3299,0.33,0.329768,https://www.in.gov/sos/elections/voter-information/files/Election_Turnout_and_Registration-2022-General.pdf
2022,Jennings,18238,8157,0.45,0.447253,6541,1616,0.2,0.198112,https://www.in.gov/sos/elections/voter-information/files/Election_Turnout_and_Registration-2022-General.pdf
2022,Johnson,115837,45395,0.39,0.391887,24173,21222,0.47,0.467496,https://www.in.gov/sos/elections/voter-information/files/Election_Turnout_and_Registration-2022-General.pdf
2022,Knox,22379,10431,0.47,0.466107,6610,3821,0.37,0.366312,https://www.in.gov/sos/elections/voter-information/files/Election_Turnout_and_Registration-2022-General.pdf
2022,Kosciusko,54340,23280,0.43,0.428414,18856,4424,0.19,0.190034,https://www.in.gov/sos/elections/voter-information/files/Election_Turnout_and_Registration-2022-General.pdf
2022,LaGrange,16659,6701,0.4,0.402245,5490,1211,0.18,0.180719,https://www.in.gov/sos/elections/voter-information/files/Election_Turnout_and_Registration-2022-General.pdf
2022,Lake,369255,136315,0.37,0.369162,89145,47170,0.35,0.346037,https://www.in.gov/sos/elections/voter-information/files/Election_Turnout_and_Registration-2022-General.pdf
2022,La Porte,79451,32554,0.41,0.409737,22154,10400,0.32,0.319469,https://www.in.gov/sos/elections/voter-information/files/Election_Turnout_and_Registration-2022-General.pdf
2022,Lawrence,33348,13000,0.39,0.389828,6743,6257,0.48,0.481308,https://www.in.gov/sos/elections/voter-information/files/Election_Turnout_and_Registration-2022-General.pdf
2022,Madison,90563,36198,0.4,0.3997,20025,16173,0.45,0.446793,https://www.in.gov/sos/elections/voter-information/files/Election_Turnout_and_Registration-2022-General.pdf
2022,Marion,658578,224149,0.34,0.340353,151718,72431,0.32,0.323138,https://www.in.gov/sos/elections/voter-information/files/Election_Turnout_and_Registration-2022-General.pdf
2022,Marshall,29743,12933,0.43,0.434825,8832,4101,0.32,0.317096,https://www.in.gov/sos/elections/voter-information/files/Election_Turnout_and_Registration-2022-General.pdf
2022,Martin,7706,3606,0.47,0.467947,2576,1030,0.29,0.285635,https://www.in.gov/sos/elections/voter-information/files/Election_Turnout_and_Registration-2022-General.pdf
2022,Miami,22004,8642,0.39,0.392747,4403,4239,0.49,0.490511,https://www.in.gov/sos/elections/voter-information/files/Election_Turnout_and_Registration-2022-General.pdf
2022,Monroe,98406,40489,0.41,0.411448,22681,17808,0.44,0.439823,https://www.in.gov/sos/elections/voter-information/files/Election_Turnout_and_Registration-2022-General.pdf
2022,Montgomery,25650,9927,0.39,0.387018,5971,3956,0.4,0.398509,https://www.in.gov/sos/elections/voter-information/files/Election_Turnout_and_Registration-2022-General.pdf
2022,Morgan,52501,21572,0.41,0.410887,11602,9970,0.46,0.462173,https://www.in.gov/sos/elections/voter-information/files/Election_Turnout_and_Registration-2022-General.pdf
2022,Newton,10137,4082,0.4,0.402683,3477,605,0.15,0.148212,https://www.in.gov/sos/elections/voter-information/files/Election_Turnout_and_Registration-2022-General.pdf
2022,Noble,30183,11675,0.39,0.386807,7724,3951,0.34,0.338415,https://www.in.gov/sos/elections/voter-information/files/Election_Turnout_and_Registration-2022-General.pdf
2022,Ohio,5124,1997,0.39,0.389735,1320,677,0.34,0.339009,https://www.in.gov/sos/elections/voter-information/files/Election_Turnout_and_Registration-2022-General.pdf
2022,Orange,14032,5500,0.39,0.391961,4266,1234,0.22,0.224364,https://www.in.gov/sos/elections/voter-information/files/Election_Turnout_and_Registration-2022-General.pdf
2022,Owen,15057,6301,0.42,0.418476,3778,2523,0.4,0.400413,https://www.in.gov/sos/elections/voter-information/files/Election_Turnout_and_Registration-2022-General.pdf
2022,Parke,10137,4568,0.45,0.450626,3307,1261,0.28,0.276051,https://www.in.gov/sos/elections/voter-information/files/Election_Turnout_and_Registration-2022-General.pdf
2022,Perry,13266,6389,0.48,0.481607,3477,2912,0.46,0.455783,https://www.in.gov/sos/elections/voter-information/files/Election_Turnout_and_Registration-2022-General.pdf
2022,Pike,9088,3742,0.41,0.411752,2325,1417,0.38,0.378675,https://www.in.gov/sos/elections/voter-information/files/Election_Turnout_and_Registration-2022-General.pdf
2022,Porter,133292,58929,0.44,0.442105,35413,23431,0.4,0.397614,https://www.in.gov/sos/elections/voter-information/files/Election_Turnout_and_Registration-2022-General.pdf
2022,Posey,18503,8889,0.48,0.480409,6052,2837,0.32,0.319159,https://www.in.gov/sos/elections/voter-information/files/Election_Turnout_and_Registration-2022-General.pdf
2022,Pulaski,9119,3851,0.42,0.422305,2659,1192,0.31,0.30953,https://www.in.gov/sos/elections/voter-information/files/Election_Turnout_and_Registration-2022-General.pdf
2022,Putnam,24404,10058,0.41,0.412146,6856,3202,0.32,0.318354,https://www.in.gov/sos/elections/voter-information/files/Election_Turnout_and_Registration-2022-General.pdf
2022,Randolph,16552,7012,0.42,0.423635,4959,2053,0.29,0.292784,https://www.in.gov/sos/elections/voter-information/files/Election_Turnout_and_Registration-2022-General.pdf
2022,Ripley,21594,8464,0.39,0.391961,6756,1708,0.2,0.201796,https://www.in.gov/sos/elections/voter-information/files/Election_Turnout_and_Registration-2022-General.pdf
2022,Rush,11396,4961,0.44,0.435328,3742,1219,0.25,0.245717,https://www.in.gov/sos/elections/voter-information/files/Election_Turnout_and_Registration-2022-General.pdf
2022,Scott,17187,7112,0.41,0.413801,5021,2091,0.29,0.29401,https://www.in.gov/sos/elections/voter-information/files/Election_Turnout_and_Registration-2022-General.pdf
2022,Shelby,31034,11702,0.38,0.37707,8012,3690,0.32,0.315331,https://www.in.gov/sos/elections/voter-information/files/Election_Turnout_and_Registration-2022-General.pdf
2022,Spencer,15161,7764,0.51,0.512103,4898,2866,0.37,0.36914,https://www.in.gov/sos/elections/voter-information/files/Election_Turnout_and_Registration-2022-General.pdf
2022,St. Joseph,196919,72672,0.37,0.369045,50332,22340,0.31,0.307409,https://www.in.gov/sos/elections/voter-information/files/Election_Turnout_and_Registration-2022-General.pdf
2022,Starke,17647,7107,0.4,0.402731,4983,2133,0.3,0.300127,https://www.in.gov/sos/elections/voter-information/files/Election_Turnout_and_Registration-2022-General.pdf
2022,Steuben,25822,10401,0.4,0.402796,6979,3422,0.33,0.329007,https://www.in.gov/sos/elections/voter-information/files/Election_Turnout_and_Registration-2022-General.pdf
2022,Sullivan,14391,6592,0.46,0.458064,4822,1770,0.27,0.268507,https://www.in.gov/sos/elections/voter-information/files/Election_Turnout_and_Registration-2022-General.pdf
2022,Switzerland,7162,2725,0.38,0.38048,1058,1667,0.61,0.611743,https://www.in.gov/sos/elections/voter-information/files/Election_Turnout_and_Registration-2022-General.pdf
2022,Tippecanoe,124198,39932,0.32,0.321519,21306,18626,0.47,0.466443,https://www.in.gov/sos/elections/voter-information/files/Election_Turnout_and_Registration-2022-General.pdf
2022,Tipton,11855,5430,0.46,0.458035,3821,1609,0.3,0.296317,https://www.in.gov/sos/elections/voter-information/files/Election_Turnout_and_Registration-2022-General.pdf
2022,Union,4994,2547,0.51,0.510012,1666,881,0.35,0.345897,https://www.in.gov/sos/elections/voter-information/files/Election_Turnout_and_Registration-2022-General.pdf
2022,Vanderburgh,128820,47815,0.37,0.371177,25872,21943,0.46,0.458915,https://www.in.gov/sos/elections/voter-information/files/Election_Turnout_and_Registration-2022-General.pdf
2022,Vermillion,10686,5252,0.49,0.491484,3986,1266,0.24,0.241051,https://www.in.gov/sos/elections/voter-information/files/Election_Turnout_and_Registration-2022-General.pdf
2022,Vigo,75044,27400,0.37,0.365119,12420,14980,0.55,0.546715,https://www.in.gov/sos/elections/voter-information/files/Election_Turnout_and_Registration-2022-General.pdf
2022,Wabash,20967,10040,0.48,0.478848,5806,4234,0.42,0.421713,https://www.in.gov/sos/elections/voter-information/files/Election_Turnout_and_Registration-2022-General.pdf
2022,Warren,6198,2841,0.46,0.458374,2165,676,0.24,0.237944,https://www.in.gov/sos/elections/voter-information/files/Election_Turnout_and_Registration-2022-General.pdf
2022,Warrick,47938,20312,0.42,0.423714,12230,8082,0.4,0.397893,https://www.in.gov/sos/elections/voter-information/files/Election_Turnout_and_Registration-2022-General.pdf
2022,Washington,19121,8139,0.43,0.425658,6544,1595,0.2,0.19597,https://www.in.gov/sos/elections/voter-information/files/Election_Turnout_and_Registration-2022-General.pdf
2022,Wayne,43277,16787,0.39,0.387897,8712,8075,0.48,0.481027,https://www.in.gov/sos/elections/voter-information/files/Election_Turnout_and_Registration-2022-General.pdf
2022,Wells,19343,9262,0.48,0.47883,5884,3378,0.36,0.364716,https://www.in.gov/sos/elections/voter-information/files/Election_Turnout_and_Registration-2022-General.pdf
2022,White,17426,6828,0.39,0.391828,4195,2633,0.39,0.385618,https://www.in.gov/sos/elections/voter-information/files/Election_Turnout_and_Registration-2022-General.pdf
2022,Whitley,24132,11704,0.48,0.484999,8074,3630,0.31,0.31015,https://www.in.gov/sos/elections/voter-information/files/Election_Turnout_and_Registration-2022-General.pdf
2024,Adams,19935,14170,0.71,0.71081,5793,8377,0.59,0.591179,https://www.in.gov/sos/elections/voter-information/files/2024-General-Election-Turnout-and-Registration-Report.pdf
2024,Allen,285127,165189,0.58,0.579352,88074,77115,0.47,0.466829,https://www.in.gov/sos/elections/voter-information/files/2024-General-Election-Turnout-and-Registration-Report.pdf
2024,Bartholomew,54087,35952,0.66,0.664707,12331,23621,0.66,0.657015,https://www.in.gov/sos/elections/voter-information/files/2024-General-Election-Turnout-and-Registration-Report.pdf
2024,Benton,6021,3994,0.66,0.663345,2243,1751,0.44,0.438408,https://www.in.gov/sos/elections/voter-information/files/2024-General-Election-Turnout-and-Registration-Report.pdf
2024,Blackford,8556,5197,0.61,0.60741,2065,3132,0.6,0.602655,https://www.in.gov/sos/elections/voter-information/files/2024-General-Election-Turnout-and-Registration-Report.pdf
2024,Boone,62062,40776,0.66,0.65702,11320,29456,0.72,0.722386,https://www.in.gov/sos/elections/voter-information/files/2024-General-Election-Turnout-and-Registration-Report.pdf
2024,Brown,13545,9066,0.67,0.669324,3905,5161,0.57,0.56927,https://www.in.gov/sos/elections/voter-information/files/2024-General-Election-Turnout-and-Registration-Report.pdf
2024,Carroll,14903,9341,0.63,0.626787,3988,5353,0.57,0.573065,https://www.in.gov/sos/elections/voter-information/files/2024-General-Election-Turnout-and-Registration-Report.pdf
2024,Cass,22675,14293,0.63,0.630342,4515,9778,0.68,0.684111,https://www.in.gov/sos/elections/voter-information/files/2024-General-Election-Turnout-and-Registration-Report.pdf
2024,Clark,96263,59078,0.61,0.613715,36556,22522,0.38,0.381225,https://www.in.gov/sos/elections/voter-information/files/2024-General-Election-Turnout-and-Registration-Report.pdf
2024,Clay,18820,12198,0.65,0.64814,6471,5727,0.47,0.469503,https://www.in.gov/sos/elections/voter-information/files/2024-General-Election-Turnout-and-Registration-Report.pdf
2024,Clinton,20350,12641,0.62,0.621179,5149,7492,0.59,0.592675,https://www.in.gov/sos/elections/voter-information/files/2024-General-Election-Turnout-and-Registration-Report.pdf
2024,Crawford,7920,5071,0.64,0.640278,3491,1580,0.31,0.311576,https://www.in.gov/sos/elections/voter-information/files/2024-General-Election-Turnout-and-Registration-Report.pdf
2024,Daviess,17559,11590,0.66,0.66006,4349,7241,0.62,0.624763,https://www.in.gov/sos/elections/voter-information/files/2024-General-Election-Turnout-and-Registration-Report.pdf
2024,Dearborn,40526,26837,0.66,0.662217,14949,11888,0.44,0.442971,https://www.in.gov/sos/elections/voter-information/files/2024-General-Election-Turnout-and-Registration-Report.pdf
2024,Decatur,17631,12281,0.7,0.696557,6566,5715,0.47,0.465353,https://www.in.gov/sos/elections/voter-information/files/2024-General-Election-Turnout-and-Registration-Report.pdf
2024,DeKalb,29972,20022,0.67,0.668023,7839,12183,0.61,0.608481,https://www.in.gov/sos/elections/voter-information/files/2024-General-Election-Turnout-and-Registration-Report.pdf
2024,Delaware,76488,46547,0.61,0.608553,28906,17641,0.38,0.378993,https://www.in.gov/sos/elections/voter-information/files/2024-General-Election-Turnout-and-Registration-Report.pdf
2024,Dubois,30676,21754,0.71,0.709154,7378,14376,0.66,0.660844,https://www.in.gov/sos/elections/voter-information/files/2024-General-Election-Turnout-and-Registration-Report.pdf
2024,Elkhart,126875,70869,0.56,0.558573,37212,33657,0.47,0.474919,https://www.in.gov/sos/elections/voter-information/files/2024-General-Election-Turnout-and-Registration-Report.pdf
2024,Fayette,17159,9977,0.58,0.581444,4292,5685,0.57,0.569811,https://www.in.gov/sos/elections/voter-information/files/2024-General-Election-Turnout-and-Registration-Report.pdf
2024,Floyd,62972,41686,0.66,0.661977,13566,28120,0.67,0.674567,https://www.in.gov/sos/elections/voter-information/files/2024-General-Election-Turnout-and-Registration-Report.pdf
2024,Fountain,12418,8053,0.65,0.648494,4887,3166,0.39,0.393145,https://www.in.gov/sos/elections/voter-information/files/2024-General-Election-Turnout-and-Registration-Report.pdf
2024,Franklin,17922,12204,0.68,0.680951,5887,6317,0.52,0.517617,https://www.in.gov/sos/elections/voter-information/files/2024-General-Election-Turnout-and-Registration-Report.pdf
2024,Fulton,13238,8939,0.68,0.675253,3434,5505,0.62,0.615841,https://www.in.gov/sos/elections/voter-information/files/2024-General-Election-Turnout-and-Registration-Report.pdf
2024,Gibson,23623,16034,0.68,0.678745,9342,6692,0.42,0.417363,https://www.in.gov/sos/elections/voter-information/files/2024-General-Election-Turnout-and-Registration-Report.pdf
2024,Grant,43644,25473,0.58,0.583654,13981,11492,0.45,0.451144,https://www.in.gov/sos/elections/voter-information/files/2024-General-Election-Turnout-and-Registration-Report.pdf
2024,Greene,22037,14829,0.67,0.672914,7799,7030,0.47,0.474071,https://www.in.gov/sos/elections/voter-information/files/2024-General-Election-Turnout-and-Registration-Report.pdf
2024,Hamilton,283132,199731,0.71,0.705434,81443,118288,0.59,0.592237,https://www.in.gov/sos/elections/voter-information/files/2024-General-Election-Turnout-and-Registration-Report.pdf
2024,Hancock,65292,44824,0.69,0.686516,12347,32477,0.72,0.724545,https://www.in.gov/sos/elections/voter-information/files/2024-General-Election-Turnout-and-Registration-Report.pdf
2024,Harrison,30280,20637,0.68,0.681539,12760,7877,0.38,0.381693,https://www.in.gov/sos/elections/voter-information/files/2024-General-Election-Turnout-and-Registration-Report.pdf
2024,Hendricks,131291,84501,0.64,0.643616,33667,50834,0.6,0.601579,https://www.in.gov/sos/elections/voter-information/files/2024-General-Election-Turnout-and-Registration-Report.pdf
2024,Henry,31648,20923,0.66,0.661116,12498,8425,0.4,0.402667,https://www.in.gov/sos/elections/voter-information/files/2024-General-Election-Turnout-and-Registration-Report.pdf
2024,Howard,61288,39241,0.64,0.640272,13866,25375,0.65,0.646645,https://www.in.gov/sos/elections/voter-information/files/2024-General-Election-Turnout-and-Registration-Report.pdf
2024,Huntington,24999,17950,0.72,0.718029,6013,11937,0.67,0.665014,https://www.in.gov/sos/elections/voter-information/files/2024-General-Election-Turnout-and-Registration-Report.pdf
2024,Jackson,26143,18867,0.72,0.721685,7954,10913,0.58,0.578417,https://www.in.gov/sos/elections/voter-information/files/2024-General-Election-Turnout-and-Registration-Report.pdf
2024,Jasper,23624,16018,0.68,0.678039,7734,8284,0.52,0.517168,https://www.in.gov/sos/elections/voter-information/files/2024-General-Election-Turnout-and-Registration-Report.pdf
2024,Jay,11998,8216,0.68,0.684781,3874,4342,0.53,0.528481,https://www.in.gov/sos/elections/voter-information/files/2024-General-Election-Turnout-and-Registration-Report.pdf
2024,Jefferson,22105,14514,0.66,0.656594,8081,6433,0.44,0.443227,https://www.in.gov/sos/elections/voter-information/files/2024-General-Election-Turnout-and-Registration-Report.pdf
2024,Jennings,18351,11931,0.65,0.650155,7979,3952,0.33,0.331238,https://www.in.gov/sos/elections/voter-information/files/2024-General-Election-Turnout-and-Registration-Report.pdf
2024,Johnson,123364,78773,0.64,0.638541,22841,55932,0.71,0.71004,https://www.in.gov/sos/elections/voter-information/files/2024-General-Election-Turnout-and-Registration-Report.pdf
2024,Knox,22880,15320,0.67,0.66958,7178,8142,0.53,0.531462,https://www.in.gov/sos/elections/voter-information/files/2024-General-Election-Turnout-and-Registration-Report.pdf
2024,Kosciusko,54295,35394,0.65,0.651883,19852,15542,0.44,0.439114,https://www.in.gov/sos/elections/voter-information/files/2024-General-Election-Turnout-and-Registration-Report.pdf
2024,LaGrange,16749,10554,0.63,0.630127,6715,3839,0.36,0.363748,https://www.in.gov/sos/elections/voter-information/files/2024-General-Election-Turnout-and-Registration-Report.pdf
2024,Lake,371117,212456,0.57,0.572477,111098,101358,0.48,0.477078,https://www.in.gov/sos/elections/voter-information/files/2024-General-Election-Turnout-and-Registration-Report.pdf
2024,La Porte,78924,48187,0.61,0.610549,22317,25870,0.54,0.536867,https://www.in.gov/sos/elections/voter-information/files/2024-General-Election-Turnout-and-Registration-Report.pdf
2024,Lawrence,34759,21468,0.62,0.617624,7617,13851,0.65,0.645193,https://www.in.gov/sos/elections/voter-information/files/2024-General-Election-Turnout-and-Registration-Report.pdf
2024,Madison,91492,56357,0.62,0.615977,21063,35294,0.63,0.626258,https://www.in.gov/sos/elections/voter-information/files/2024-General-Election-Turnout-and-Registration-Report.pdf
2024,Marion,650471,358036,0.55,0.550426,192850,165186,0.46,0.461367,https://www.in.gov/sos/elections/voter-information/files/2024-General-Election-Turnout-and-Registration-Report.pdf
2024,Marshall,30017,19810,0.66,0.659959,10507,9303,0.47,0.469611,https://www.in.gov/sos/elections/voter-information/files/2024-General-Election-Turnout-and-Registration-Report.pdf
2024,Martin,7775,5058,0.65,0.650547,3276,1782,0.35,0.352313,https://www.in.gov/sos/elections/voter-information/files/2024-General-Election-Turnout-and-Registration-Report.pdf
2024,Miami,22249,14129,0.64,0.63504,4646,9483,0.67,0.671173,https://www.in.gov/sos/elections/voter-information/files/2024-General-Election-Turnout-and-Registration-Report.pdf
2024,Monroe,93146,59855,0.64,0.642593,23965,35890,0.6,0.599616,https://www.in.gov/sos/elections/voter-information/files/2024-General-Election-Turnout-and-Registration-Report.pdf
2024,Montgomery,25094,16753,0.67,0.66761,6347,10406,0.62,0.621142,https://www.in.gov/sos/elections/voter-information/files/2024-General-Election-Turnout-and-Registration-Report.pdf
2024,Morgan,55229,35725,0.65,0.646852,12102,23623,0.66,0.661246,https://www.in.gov/sos/elections/voter-information/files/2024-General-Election-Turnout-and-Registration-Report.pdf
2024,Newton,10207,6650,0.65,0.651514,5061,1589,0.24,0.238947,https://www.in.gov/sos/elections/voter-information/files/2024-General-Election-Turnout-and-Registration-Report.pdf
2024,Noble,31769,19195,0.6,0.604205,9358,9837,0.51,0.512477,https://www.in.gov/sos/elections/voter-information/files/2024-General-Election-Turnout-and-Registration-Report.pdf
2024,Ohio,5231,3117,0.6,0.595871,1522,1595,0.51,0.51171,https://www.in.gov/sos/elections/voter-information/files/2024-General-Election-Turnout-and-Registration-Report.pdf
2024,Orange,13375,8748,0.65,0.654056,5833,2915,0.33,0.333219,https://www.in.gov/sos/elections/voter-information/files/2024-General-Election-Turnout-and-Registration-Report.pdf
2024,Owen,15685,9978,0.64,0.636149,4505,5473,0.55,0.548507,https://www.in.gov/sos/elections/voter-information/files/2024-General-Election-Turnout-and-Registration-Report.pdf
2024,Parke,9509,6725,0.71,0.707225,3902,2823,0.42,0.419777,https://www.in.gov/sos/elections/voter-information/files/2024-General-Election-Turnout-and-Registration-Report.pdf
2024,Perry,13801,8827,0.64,0.639591,3712,5115,0.58,0.579472,https://www.in.gov/sos/elections/voter-information/files/2024-General-Election-Turnout-and-Registration-Report.pdf
2024,Pike,9357,6079,0.65,0.649674,2717,3362,0.55,0.553051,https://www.in.gov/sos/elections/voter-information/files/2024-General-Election-Turnout-and-Registration-Report.pdf
2024,Porter,139687,86948,0.62,0.622449,36201,50747,0.58,0.583648,https://www.in.gov/sos/elections/voter-information/files/2024-General-Election-Turnout-and-Registration-Report.pdf
2024,Posey,18310,13113,0.72,0.716166,6546,6567,0.5,0.500801,https://www.in.gov/sos/elections/voter-information/files/2024-General-Election-Turnout-and-Registration-Report.pdf
2024,Pulaski,9494,5848,0.62,0.615968,2635,3213,0.55,0.549419,https://www.in.gov/sos/elections/voter-information/files/2024-General-Election-Turnout-and-Registration-Report.pdf
2024,Putnam,26012,16949,0.65,0.651584,7950,8999,0.53,0.530946,https://www.in.gov/sos/elections/voter-information/files/2024-General-Election-Turnout-and-Registration-Report.pdf
2024,Randolph,17061,10683,0.63,0.626165,6025,4658,0.44,0.43602,https://www.in.gov/sos/elections/voter-information/files/2024-General-Election-Turnout-and-Registration-Report.pdf
2024,Ripley,22603,14523,0.64,0.642525,8888,5635,0.39,0.388005,https://www.in.gov/sos/elections/voter-information/files/2024-General-Election-Turnout-and-Registration-Report.pdf
2024,Rush,11826,7769,0.66,0.656942,4678,3091,0.4,0.397863,https://www.in.gov/sos/elections/voter-information/files/2024-General-Election-Turnout-and-Registration-Report.pdf
2024,Scott,17390,10318,0.59,0.593329,5279,5039,0.49,0.48837,https://www.in.gov/sos/elections/voter-information/files/2024-General-Election-Turnout-and-Registration-Report.pdf
2024,Shelby,32284,20070,0.62,0.62167,9285,10785,0.54,0.537369,https://www.in.gov/sos/elections/voter-information/files/2024-General-Election-Turnout-and-Registration-Report.pdf
2024,Spencer,15618,10625,0.68,0.680305,4820,5805,0.55,0.546353,https://www.in.gov/sos/elections/voter-information/files/2024-General-Election-Turnout-and-Registration-Report.pdf
2024,St. Joseph,205991,112329,0.55,0.54531,53448,58881,0.52,0.524183,https://www.in.gov/sos/elections/voter-information/files/2024-General-Election-Turnout-and-Registration-Report.pdf
2024,Starke,18317,10599,0.58,0.578643,5082,5517,0.52,0.520521,https://www.in.gov/sos/elections/voter-information/files/2024-General-Election-Turnout-and-Registration-Report.pdf
2024,Steuben,26853,16645,0.62,0.619856,7496,9149,0.55,0.549655,https://www.in.gov/sos/elections/voter-information/files/2024-General-Election-Turnout-and-Registration-Report.pdf
2024,Sullivan,14588,8914,0.61,0.61105,5302,3612,0.41,0.405205,https://www.in.gov/sos/elections/voter-information/files/2024-General-Election-Turnout-and-Registration-Report.pdf
2024,Switzerland,7683,4315,0.56,0.56163,1320,2995,0.69,0.69409,https://www.in.gov/sos/elections/voter-information/files/2024-General-Election-Turnout-and-Registration-Report.pdf
2024,Tippecanoe,119087,68066,0.57,0.571565,23448,44618,0.66,0.655511,https://www.in.gov/sos/elections/voter-information/files/2024-General-Election-Turnout-and-Registration-Report.pdf
2024,Tipton,12191,8073,0.66,0.66221,3865,4208,0.52,0.521244,https://www.in.gov/sos/elections/voter-information/files/2024-General-Election-Turnout-and-Registration-Report.pdf
2024,Union,5041,3523,0.7,0.698869,1977,1546,0.44,0.438831,https://www.in.gov/sos/elections/voter-information/files/2024-General-Election-Turnout-and-Registration-Report.pdf
2024,Vanderburgh,134388,74605,0.56,0.555146,29901,44704,0.6,0.599209,https://www.in.gov/sos/elections/voter-information/files/2024-General-Election-Turnout-and-Registration-Report.pdf
2024,Vermillion,11176,7352,0.66,0.657838,4442,2910,0.4,0.395811,https://www.in.gov/sos/elections/voter-information/files/2024-General-Election-Turnout-and-Registration-Report.pdf
2024,Vigo,70669,41379,0.59,0.585533,13094,28285,0.68,0.683559,https://www.in.gov/sos/elections/voter-information/files/2024-General-Election-Turnout-and-Registration-Report.pdf
2024,Wabash,20832,14115,0.68,0.677563,5913,8202,0.58,0.581084,https://www.in.gov/sos/elections/voter-information/files/2024-General-Election-Turnout-and-Registration-Report.pdf
2024,Warren,6213,4401,0.71,0.708353,2697,1704,0.39,0.387185,https://www.in.gov/sos/elections/voter-information/files/2024-General-Election-Turnout-and-Registration-Report.pdf
2024,Warrick,48991,33498,0.68,0.683758,12285,21213,0.63,0.633262,https://www.in.gov/sos/elections/voter-information/files/2024-General-Election-Turnout-and-Registration-Report.pdf
2024,Washington,19396,12786,0.66,0.659208,8183,4603,0.36,0.360003,https://www.in.gov/sos/elections/voter-information/files/2024-General-Election-Turnout-and-Registration-Report.pdf
2024,Wayne,45179,27035,0.6,0.598397,9445,17590,0.65,0.650638,https://www.in.gov/sos/elections/voter-information/files/2024-General-Election-Turnout-and-Registration-Report.pdf
2024,Wells,19603,14304,0.73,0.729684,5665,8639,0.6,0.603957,https://www.in.gov/sos/elections/voter-information/files/2024-General-Election-Turnout-and-Registration-Report.pdf
2024,White,17036,11271,0.66,0.661599,4443,6828,0.61,0.605803,https://www.in.gov/sos/elections/voter-information/files/2024-General-Election-Turnout-and-Registration-Report.pdf
2024,Whitley,24633,17935,0.73,0.728088,8706,9229,0.51,0.51458,https://www.in.gov/sos/elections/voter-information/files/2024-General-Election-Turnout-and-Registration-Report.pdf
